l_num_reflectors,l_reflector_angle,l_reflector_depth,l_start_offset,l_finish_offset,r_num_reflectors,r_reflector_angle,r_reflector_depth,r_start_offset,r_finish_offset,avg_angle,angle_diff,total_depth,avg_depth,num_total,num_diff,spacing_asym,DrumDeadT30,DrumLiveT30,DrumDiffusion,VocalT30,VocalDiffusion,experiment
6,56.72,24.26,13.37,55.6,10,51.59,21.53,48.21,83.31,54.155,5.1299999999999955,45.790000000000006,22.895000000000003,16,4,62.550000000000004,167.84141265729858,,0.38100534148697746,221.63472763097153,0.4510972458469449,luminous_wizard-results
4,59.93,11.97,26.74,94.11,4,25.01,42.35,92.82,99.33,42.47,34.92,54.32,27.16,8,0,71.3,172.393240778831,,0.4044416352740793,217.05685542215366,0.4604871308924191,nimble_lynx-results
6,49.83,41.17,52.82,89.04,3,64.47,45.6,86.93,56.7,57.15,14.64,86.77000000000001,43.385000000000005,9,3,66.45000000000002,163.87870602250769,,0.4093659744385064,218.83925909611065,0.45231082353106977,shadowy_panther-results
5,63.66,17.96,50.97,34.72,7,10.4,12.84,94.47,91.9,37.03,53.26,30.8,15.4,12,2,100.68,174.38962555780944,,0.3929062975571427,225.04794088440653,0.4562535458620257,fiery_owl-results
9,36.64,43.41,47.16,70.59,3,27.65,14.69,74.81,19.71,32.144999999999996,8.990000000000002,58.099999999999994,29.049999999999997,12,6,78.53,177.66565867551242,,0.420033323652202,236.90600553687116,0.4512719478702298,zealous_queen-results
8,55.84,12.08,44.28,82.99,9,17.26,18.43,50.6,88.09,36.550000000000004,38.58,30.509999999999998,15.254999999999999,17,1,11.420000000000009,201.97347351779993,,0.39699139980243014,238.33940854342313,0.47061977348129613,serene_lion-results
5,45.4,44.57,46.18,11.53,8,18.7,11.73,12.43,94.87,32.05,26.7,56.3,28.15,13,3,117.09,174.11405261410584,,0.4121350038578101,233.15699357209374,0.4555801493898004,zesty_shark-results
3,29.46,34.89,96.66,79.41,4,69.02,40.05,66.83,80.29,49.239999999999995,39.559999999999995,74.94,37.47,7,1,30.710000000000008,174.10937004211735,,0.415432487119453,225.03973452018533,0.4510139023216929,nimble_kiwi-results
3,40.52,21.12,17.43,70.27,6,48.68,41.81,38.99,46.02,44.6,8.159999999999997,62.93000000000001,31.465000000000003,9,3,45.809999999999995,161.59979407510207,,0.4050602988204337,209.30546068053752,0.44664629537969286,zesty_eagle-results
8,37.39,44.29,17.8,79.64,3,25.51,40.04,47.45,68.83,31.450000000000003,11.879999999999999,84.33,42.165,11,5,40.46000000000001,190.52004756604464,,0.42189491486737596,245.65450566330748,0.4596299894671013,glorious_whale-results
7,23.72,19.38,68.39,61.24,3,26.77,15.76,48.15,30.9,25.244999999999997,3.0500000000000007,35.14,17.57,10,4,50.580000000000005,178.8783406927141,,0.41402426036619533,234.44344030150106,0.4530682082294176,swift_hedgehog-results
7,28.88,38.3,23.59,84.74,10,22.42,37.18,99.03,52.64,25.65,6.459999999999997,75.47999999999999,37.739999999999995,17,3,107.53999999999999,260.65623764685694,,0.4089032123950521,255.4822465859639,0.4665408085627557,quick_eagle-results
4,25.66,22.82,48.09,89.15,10,35.4,26.77,98.98,35.7,30.53,9.739999999999998,49.59,24.795,14,6,104.34,248.74151348787706,,0.40679488290473176,245.05193016875094,0.46959072027462034,brazen_bear-results
5,53.8,14.33,96.32,31.63,5,52.26,49.6,36.39,56.55,53.03,1.5399999999999991,63.93,31.965,10,0,84.85,163.87767180515735,,0.3989096826120949,215.51628747696128,0.4572760228388808,mellow_bison-results
7,16.95,32.42,28.29,65.5,5,52.14,27.03,15.24,80.04,34.545,35.19,59.45,29.725,12,2,27.590000000000003,180.80010834234668,,0.41990841810877955,237.47639620007172,0.43958787242620656,brisk_gazelle-results
10,34.37,20.49,66.17,37.66,8,62.41,13.94,82.98,55.79,48.39,28.04,34.43,17.215,18,2,34.940000000000005,192.36514453319262,,0.412873835993007,239.2971966855768,0.45520380592994286,purple_falcon-results
9,11.69,35.72,48.66,42.22,7,54.93,14.02,46.5,88.45,33.31,43.24,49.739999999999995,24.869999999999997,16,2,48.39,199.086775728695,,0.4172040528934669,251.1420413864281,0.4432212638195658,cool_queen-results
10,22.54,23.64,21.1,17.76,7,56.63,35.55,17.65,59.92,39.585,34.09,59.19,29.595,17,3,45.61,172.6585333440065,,0.3997763822381204,227.51973457289728,0.45290840339988786,brisk_kiwi-results
4,47.01,47.6,70.88,30.44,7,15.17,27.01,77.85,11.81,31.09,31.839999999999996,74.61,37.305,11,3,25.6,184.2485595639144,,0.39727304491839144,233.75055837079535,0.4573958509613656,shadowy_lynx-results
5,13.43,22.85,82.06,43.5,3,47.93,12.34,10.8,44.21,30.68,34.5,35.19,17.595,8,2,71.97,169.2163239631648,,0.41292678166153274,233.9412711696305,0.4356508597808471,elegant_owl-results
8,64.67,33.63,42.57,49.55,3,22.74,13.42,49.49,56.49,43.705,41.93000000000001,47.050000000000004,23.525000000000002,11,5,13.860000000000007,162.6518766873385,,0.40045156985172825,218.5002515096437,0.4580329471608763,silent_bison-results
9,43.01,22.69,50.62,93.99,5,21.94,33.82,48.9,84.87,32.475,21.069999999999997,56.510000000000005,28.255000000000003,14,4,10.83999999999999,194.19587101704766,,0.4013368111980879,244.34932580118237,0.46134499700638754,gentle_queen-results
5,50.32,29.51,61.27,36.79,4,41.21,28.71,81.67,68.56,45.765,9.11,58.22,29.11,9,1,52.17,174.98528919594952,,0.4083546025554234,226.60911984013234,0.4511304231978927,glorious_gazelle-results
8,49.62,17.06,67.71,70.55,9,68.73,43.41,96.35,45.21,59.175,19.110000000000007,60.47,30.235,17,1,53.98,178.98198900466153,,0.40593485714125144,226.14278037687396,0.4650985350027149,cosmic_wolf-results
4,10.12,45.59,29.05,52.83,4,64.0,18.03,65.08,41.69,37.06,53.88,63.620000000000005,31.810000000000002,8,0,47.17,186.93732723836825,,0.4213483640733187,242.81661594968455,0.4412484493387015,lucky_cobra-results
3,60.44,12.3,28.45,21.28,3,54.85,43.39,36.85,14.81,57.644999999999996,5.589999999999996,55.69,27.845,6,0,14.870000000000003,155.04443745871407,,0.3841593613156304,204.17548777624538,0.4450195193623391,stormy_lion-results
9,29.45,45.32,53.62,71.19,10,61.91,43.92,20.78,60.37,45.68,32.459999999999994,89.24000000000001,44.620000000000005,19,1,43.66,172.71987660997914,,0.4118829952481966,228.77796854305768,0.47312518264914616,frosty_owl-results
4,23.48,14.98,66.89,21.32,7,29.53,45.47,35.5,57.73,26.505000000000003,6.050000000000001,60.45,30.225,11,3,67.8,174.61215719999416,,0.39822942555177426,218.88374408989165,0.4637560646234662,brisk_jaguar-results
9,56.4,25.71,72.34,73.88,8,45.64,30.43,66.71,73.42,51.019999999999996,10.759999999999998,56.14,28.07,17,1,6.090000000000003,182.5235142702241,,0.4046244332739294,236.8289834252928,0.4613117766859023,brisk_lynx-results
3,69.08,21.7,72.79,27.16,5,26.06,27.51,95.42,88.69,47.57,43.019999999999996,49.21,24.605,8,2,84.16,167.40586136827363,,0.40282887719144356,216.9791182007388,0.4519880274789846,cool_cheetah-results
6,11.49,14.53,19.84,61.88,4,32.87,19.03,14.95,64.64,22.18,21.379999999999995,33.56,16.78,10,2,7.649999999999999,186.63447791867588,,0.430307804159033,242.65261469998933,0.44816731739440246,bright_dolphin-results
9,23.9,28.76,95.96,84.72,5,50.68,13.49,87.99,25.1,37.29,26.78,42.25,21.125,14,4,67.59,193.01046627942995,,0.4263012792503725,241.19680747827528,0.4529838558213909,shadowy_jellyfish-results
10,36.54,31.55,42.61,57.69,3,40.73,37.32,64.67,37.08,38.635,4.189999999999998,68.87,34.435,13,7,42.67,188.0041846401074,,0.4127039685002576,238.04225960171476,0.45014151529425095,stormy_fox-results
6,10.52,33.8,67.59,57.95,6,11.55,10.53,63.52,47.76,11.035,1.0300000000000011,44.33,22.165,12,0,14.260000000000005,400.23061806510026,,0.37711739993508353,281.4341868666501,0.43967362874969407,brave_fox-results
10,60.27,49.42,67.33,28.67,7,22.76,38.54,45.2,32.13,41.515,37.510000000000005,87.96000000000001,43.980000000000004,17,3,25.589999999999996,183.47958367239934,,0.39879465827008775,228.87615110686934,0.4736420795228297,zesty_monarch-results
4,30.12,25.63,45.89,78.17,10,23.0,47.96,64.0,23.08,26.560000000000002,7.120000000000001,73.59,36.795,14,6,73.2,214.62565613555353,,0.4083525859627365,240.7683632382597,0.4772893160499879,purple_shark-results
7,15.4,42.93,97.43,58.34,10,30.4,28.39,56.96,41.17,22.9,14.999999999999998,71.32,35.66,17,3,57.64000000000001,353.6980622417316,,0.40033578982769474,267.4863648599975,0.4468526366886839,fierce_owl-results
6,58.12,41.73,61.74,38.51,9,14.84,36.29,13.6,20.41,36.48,43.28,78.02,39.01,15,3,66.24,171.76033363583454,,0.39882131689352185,218.70522425059454,0.4543182736697562,mellow_fox-results
6,69.66,28.74,56.09,87.9,4,16.19,18.59,77.56,99.06,42.925,53.47,47.33,23.665,10,2,32.629999999999995,177.87464736397138,,0.404559836254852,226.53205584997002,0.45788996722788616,bold_bison-results
6,46.62,38.94,94.03,52.03,6,64.72,16.13,93.91,29.47,55.67,18.1,55.06999999999999,27.534999999999997,12,0,22.680000000000007,169.89300496831913,,0.40583005002302514,225.90361187836578,0.453482978227025,purple_cheetah-results
9,43.63,29.84,59.52,47.35,8,34.44,22.66,27.91,76.95,39.035,9.190000000000005,52.5,26.25,17,1,61.21000000000001,193.25367258440153,,0.4142260053770428,243.76257272658677,0.4579169885959831,purple_eagle-results
5,52.5,44.79,26.57,89.6,5,68.83,16.2,62.38,83.36,60.665,16.33,60.989999999999995,30.494999999999997,10,0,42.05,158.40609772384357,,0.3945446219492731,218.8300040983966,0.4517912360017155,swift_badger-results
4,30.76,24.89,15.37,14.26,3,44.13,49.66,68.85,66.74,37.445,13.370000000000001,74.55,37.275,7,1,105.96,167.76824966716444,,0.3968248747488445,216.95847868100776,0.4493172351495148,daring_cougar-results
9,64.2,36.76,52.01,64.51,10,35.84,17.43,31.52,90.97,50.02,28.36,54.19,27.095,19,1,46.94999999999999,185.85672793336263,,0.411176660943138,233.8806746757443,0.456503321537073,brazen_falcon-results
5,65.45,31.54,95.89,48.69,8,22.6,39.15,88.91,42.29,44.025000000000006,42.85,70.69,35.345,13,3,13.380000000000003,174.14202136220555,,0.3897590954832017,217.60070830420818,0.4603303110891402,serene_queen-results
8,64.49,30.9,51.31,64.02,6,19.6,13.94,74.53,74.7,42.045,44.88999999999999,44.839999999999996,22.419999999999998,14,2,33.900000000000006,182.44692392018365,,0.40756926232133317,227.4556783114159,0.458758455287651,swift_heron-results
9,21.82,49.52,65.69,41.83,6,62.67,34.4,49.89,22.23,42.245000000000005,40.85,83.92,41.96,15,3,35.39999999999999,168.59949150782944,,0.4212071122789155,227.1943140548968,0.4392894701031082,ancient_heron-results
8,30.65,48.54,81.33,21.92,9,22.68,35.07,92.55,33.7,26.665,7.969999999999999,83.61,41.805,17,1,23.0,295.6745398997115,,0.4075524030300953,260.3245232614623,0.4638990319312049,luminous_dragon-results
4,56.2,48.7,11.0,61.02,5,52.7,42.37,81.78,76.77,54.45,3.5,91.07,45.535,9,1,86.53,163.99542486836907,,0.39766222105203974,213.55441864081178,0.4500918680633036,silent_wizard-results
8,46.68,45.35,13.2,57.01,3,36.31,33.93,82.84,75.6,41.495000000000005,10.369999999999997,79.28,39.64,11,5,88.22999999999999,176.71534429561757,,0.415191962566433,229.33072613648937,0.45310927994738537,quick_stag-results
7,32.87,46.81,24.97,10.64,6,29.51,49.64,22.17,89.93,31.189999999999998,3.359999999999996,96.45,48.225,13,1,82.09,179.58246943673458,,0.4091506360502747,235.1404300703056,0.465485447475703,daring_cheetah-results
6,21.91,29.84,56.46,67.94,10,18.24,20.75,53.88,93.75,20.075,3.6700000000000017,50.59,25.295,16,4,28.39,344.65728228422506,,0.4115267572727582,265.18496434739444,0.4556723172395561,stormy_whale-results
4,39.31,15.35,40.29,65.94,5,54.2,30.97,29.64,56.35,46.755,14.89,46.32,23.16,9,1,20.239999999999995,164.24431891264044,,0.40339048424823104,215.57127723216504,0.450968185292775,serene_peacock-results
8,51.58,48.12,18.19,57.85,10,45.0,27.62,46.12,76.16,48.29,6.579999999999998,75.74,37.87,18,2,46.239999999999995,176.11649600113205,,0.4052711222987595,231.36506922254736,0.4563559319015892,dazzling_monarch-results
7,52.88,44.88,63.78,68.14,9,65.26,36.75,26.19,88.73,59.07000000000001,12.380000000000003,81.63,40.815,16,2,58.18000000000001,162.55436074476646,,0.3998531230982211,218.9658035236856,0.4437702691553168,sneaky_serpent-results
3,20.01,21.32,13.16,10.59,7,44.04,21.76,49.96,68.02,32.025,24.029999999999998,43.08,21.54,10,4,94.22999999999999,173.39615222304107,,0.41433545946658934,223.49157553035684,0.4481586311970255,fiery_wizard-results
6,27.2,18.26,44.82,54.68,8,36.29,45.36,73.36,40.17,31.744999999999997,9.09,63.620000000000005,31.810000000000002,14,2,43.05,193.74111910622412,,0.39827931280642026,234.97681555869772,0.4709753582635264,gleaming_tiger-results
10,32.51,30.67,47.74,11.18,6,17.34,26.06,66.81,33.15,24.924999999999997,15.169999999999998,56.730000000000004,28.365000000000002,16,4,41.04,270.30272253987766,,0.41648179419815934,256.90436560605633,0.46151635979204336,gentle_serpent-results
7,18.79,33.1,92.49,16.98,7,22.73,35.46,17.11,19.73,20.759999999999998,3.9400000000000013,68.56,34.28,14,0,78.13,274.37378724698345,,0.40196447897634713,265.134935575073,0.44918788730029013,elegant_falcon-results
4,51.39,11.96,95.25,74.78,5,67.59,25.61,72.34,76.83,59.49,16.200000000000003,37.57,18.785,9,1,24.959999999999994,170.9809041700059,,0.40017391720168183,222.45602769639896,0.4589661000361656,nimble_heron-results
5,40.16,13.78,38.4,44.5,9,51.47,26.34,63.55,74.96,45.815,11.310000000000002,40.12,20.06,14,4,55.60999999999999,171.9714349756978,,0.4002543723529693,221.59737707955867,0.4556994593005999,brave_cobra-results
3,50.0,37.38,77.52,74.72,10,37.24,33.1,97.03,64.92,43.620000000000005,12.759999999999998,70.48,35.24,13,7,29.310000000000002,183.09145023645232,,0.4045443062721273,227.4862586800208,0.4617154002233035,jolly_peacock-results
8,49.91,46.29,31.55,87.9,3,21.44,32.35,11.21,36.38,35.675,28.469999999999995,78.64,39.32,11,5,71.86,171.36169738416913,,0.41720646193558875,231.51069845672112,0.44624182467650925,stormy_eagle-results
3,66.92,25.76,52.22,59.75,6,19.05,27.9,53.81,55.85,42.985,47.870000000000005,53.66,26.83,9,3,5.490000000000002,164.02954291617527,,0.39343733861015,215.70015106476376,0.45862418023681323,fierce_monarch-results
10,17.7,42.99,12.17,71.29,4,57.66,26.88,44.89,17.94,37.68,39.959999999999994,69.87,34.935,14,6,86.07000000000001,173.95140162963474,,0.425963219833941,225.80448844453588,0.45343025544925314,bright_phoenix-results
8,51.63,20.24,10.72,28.37,4,68.58,20.45,50.3,35.16,60.105000000000004,16.949999999999996,40.69,20.345,12,4,46.36999999999999,160.81236213519315,,0.4013284577341423,219.53671150963478,0.4556809051301077,cool_lion-results
5,14.49,47.74,24.94,62.27,9,53.3,44.77,92.86,56.03,33.894999999999996,38.809999999999995,92.51,46.255,14,4,74.16,215.06981548083758,,0.3694967346389445,244.6285226748772,0.4448193256031417,frosty_lynx-results
3,19.53,32.84,67.46,84.58,4,19.04,42.0,24.9,40.63,19.285,0.490000000000002,74.84,37.42,7,1,86.50999999999999,323.26701179189644,,0.4029226715045279,258.9235474196827,0.4606087798655967,gentle_lynx-results
7,43.0,44.85,10.85,38.14,3,39.98,37.36,48.28,28.06,41.489999999999995,3.020000000000003,82.21000000000001,41.105000000000004,10,4,47.510000000000005,166.69494747167732,,0.408259204424516,221.3197722324188,0.4450061139447431,glorious_panther-results
10,22.32,46.05,42.21,47.38,6,20.24,15.68,43.42,74.93,21.28,2.080000000000002,61.73,30.865,16,4,28.760000000000005,281.3235305829497,,0.4288639073105529,262.06584627342784,0.459175867965144,vibrant_monarch-results
6,44.46,42.44,80.53,53.69,10,19.3,15.63,10.99,95.64,31.880000000000003,25.16,58.07,29.035,16,4,111.49000000000001,209.3635596865627,,0.4110381036531563,245.3819032950788,0.4549413344935891,quick_kiwi-results
9,55.9,35.95,26.46,49.08,4,20.41,33.24,36.68,38.14,38.155,35.489999999999995,69.19,34.595,13,5,21.159999999999997,180.3064041480161,,0.4144561913777618,233.93429383148634,0.4593181704675171,bold_panther-results
9,27.58,39.25,90.0,22.55,6,12.92,37.23,91.05,95.71,20.25,14.659999999999998,76.47999999999999,38.239999999999995,15,3,74.21,367.7483894504638,,0.39799536105295147,273.42260193091596,0.4554871490738161,frosty_bison-results
7,25.32,20.45,54.65,67.84,3,15.39,11.91,60.29,73.98,20.355,9.93,32.36,16.18,10,4,11.780000000000001,202.5078651802202,,0.4154095059278262,246.24407725230134,0.4507063718219195,gentle_kiwi-results
4,13.61,31.58,95.29,78.7,9,29.61,18.64,36.24,44.84,21.61,16.0,50.22,25.11,13,5,92.91,348.34604706971425,,0.4083706052565806,269.47339248615106,0.4411103688053811,stormy_shark-results
5,44.12,41.46,49.64,61.16,6,46.77,19.62,21.83,37.97,45.445,2.6500000000000057,61.08,30.54,11,1,51.0,166.28528573490937,,0.4047119150905495,224.87851383445008,0.4460790758710638,lucky_wolf-results
10,44.97,10.17,19.49,95.98,4,47.16,46.1,97.22,29.75,46.065,2.1899999999999977,56.27,28.135,14,6,143.96,174.68745504711407,,0.41171283273601,228.78636275199278,0.45232653179305354,valiant_serpent-results
6,16.96,48.23,69.44,84.78,8,41.14,33.25,26.26,51.54,29.05,24.18,81.47999999999999,40.739999999999995,14,2,76.41999999999999,205.2017952393524,,0.42237541925920774,249.693229792298,0.44349196153579135,brisk_panther-results
8,33.4,17.57,99.46,93.9,3,19.73,30.77,24.47,83.06,26.564999999999998,13.669999999999998,48.34,24.17,11,5,85.83,267.21973030293424,,0.4180315145637202,259.656903914974,0.45693006331527597,dazzling_cobra-results
5,44.38,36.7,20.84,12.21,5,57.29,17.31,52.25,72.54,50.835,12.909999999999997,54.010000000000005,27.005000000000003,10,0,91.74000000000001,165.95293547599488,,0.408124563472973,220.74100386231538,0.44710650288994097,valiant_shark-results
9,38.47,47.86,70.61,46.63,8,22.06,49.89,51.95,51.74,30.265,16.41,97.75,48.875,17,1,23.769999999999996,244.93860549671655,,0.4062165080757071,250.23314198110202,0.46898262288333686,vibrant_heron-results
4,16.98,41.63,28.22,84.86,10,57.0,41.61,57.95,41.15,36.99,40.019999999999996,83.24000000000001,41.620000000000005,14,6,73.44,198.52023306289684,,0.41746345631561993,240.4054902381098,0.4510164662400416,vibrant_hedgehog-results
6,11.61,32.73,33.57,24.73,3,63.69,16.43,43.6,80.6,37.65,52.08,49.16,24.58,9,3,65.89999999999999,181.74098689567595,,0.41578434084889193,244.3024561153699,0.43754098502499517,playful_viper-results
5,47.93,44.16,29.8,14.86,5,43.58,15.6,17.71,69.58,45.754999999999995,4.350000000000001,59.76,29.88,10,0,66.81,162.8347591881053,,0.40212202563869665,217.4715361489814,0.44287632426830925,elegant_phoenix-results
6,45.31,48.16,58.34,49.18,7,48.78,46.02,98.4,52.55,47.045,3.469999999999999,94.18,47.09,13,1,43.43,179.52208738476708,,0.40769943926124386,226.19726039096255,0.4491106492738664,bright_lion-results
9,55.39,40.14,99.99,92.99,6,35.22,10.92,78.12,84.78,45.305,20.17,51.06,25.53,15,3,30.079999999999984,192.5821193667733,,0.41558740663982274,239.92193149336055,0.4542805164776704,shadowy_gazelle-results
10,23.58,37.98,94.32,35.38,8,52.73,17.44,21.51,24.96,38.155,29.15,55.42,27.71,18,2,83.22999999999999,186.4112578120226,,0.4251509043757389,239.66792956606176,0.46217487443169836,cosmic_badger-results
4,37.31,22.08,94.36,58.97,7,56.66,19.83,36.52,70.3,46.985,19.349999999999994,41.91,20.955,11,3,69.16999999999999,174.49403455214681,,0.4161765515714737,226.91182765285964,0.4532218372607535,radiant_serpent-results
4,38.82,32.15,66.31,15.12,6,40.73,40.1,20.52,68.71,39.775,1.9099999999999966,72.25,36.125,10,2,99.38,166.5688302960387,,0.4116966338412078,223.4718277425106,0.4472738140253023,brisk_cobra-results
5,17.13,11.18,12.29,50.31,4,36.94,41.82,73.71,36.78,27.034999999999997,19.81,53.0,26.5,9,1,74.94999999999999,179.07468076006919,,0.41489951973905903,226.94379880087556,0.4560694503412793,valiant_eagle-results
8,51.02,36.36,18.95,46.78,5,37.0,44.29,99.16,78.68,44.010000000000005,14.020000000000003,80.65,40.325,13,3,112.11,164.55613582259693,,0.39594431825357673,220.28754826051994,0.45298771778550906,fiery_tiger-results
4,51.68,35.8,69.04,16.14,4,46.19,12.56,40.9,96.34,48.935,5.490000000000002,48.36,24.18,8,0,108.34,163.04585130868438,,0.4072096297268503,221.75536360850492,0.44863442921581165,cool_raven-results
9,10.55,23.63,81.41,29.94,10,40.43,23.52,10.88,70.29,25.490000000000002,29.88,47.15,23.575,19,1,110.88000000000001,265.35667743655375,,0.41223274006260346,259.97718434992555,0.44339128902782426,jolly_lion-results
3,27.92,32.69,57.4,17.41,3,64.35,22.49,51.05,69.85,46.135,36.42999999999999,55.17999999999999,27.589999999999996,6,0,58.79,163.71167144111956,,0.40533232868971025,222.32479149343948,0.4465608085146498,shadowy_viper-results
5,30.86,16.67,88.58,90.24,3,43.91,11.21,42.4,18.4,37.385,13.049999999999997,27.880000000000003,13.940000000000001,8,2,118.02000000000001,170.90187085348057,,0.4106233932368738,222.6355439068859,0.4507052382236158,luminous_whale-results
10,43.84,25.32,83.33,88.4,9,62.98,20.18,95.71,70.45,53.41,19.139999999999993,45.5,22.75,19,1,30.33,209.42949815873607,,0.41945923553361264,242.92144561511108,0.4532956494482104,vivid_jaguar-results
5,29.99,19.93,47.12,65.23,9,16.32,23.66,64.63,48.49,23.155,13.669999999999998,43.59,21.795,14,4,34.25,241.05625058193922,,0.39662160771053784,243.63220140082225,0.46634917807910364,playful_cheetah-results
8,48.29,13.31,69.95,88.49,5,50.72,45.31,85.71,25.52,49.504999999999995,2.4299999999999997,58.620000000000005,29.310000000000002,13,3,78.72999999999999,178.2321834633069,,0.41118822510264685,229.32397063658385,0.45524059939779554,brave_jellyfish-results
5,58.95,35.63,13.99,55.19,4,68.0,42.9,91.46,11.21,63.475,9.049999999999997,78.53,39.265,9,1,121.44999999999999,159.453792258033,,0.3910430519366448,209.4675686645125,0.4518534565105321,shadowy_fox-results
5,55.4,34.04,38.35,43.1,10,42.53,26.59,38.61,65.59,48.965,12.869999999999997,60.629999999999995,30.314999999999998,15,5,22.75,169.70388540366537,,0.40219602852050496,222.83337957759022,0.4497980621652181,lucky_serpent-results
4,52.88,22.27,28.79,41.27,4,26.33,31.14,84.22,97.34,39.605000000000004,26.550000000000004,53.41,26.705,8,0,111.5,167.24893667071584,,0.4055546283966243,216.88237884613568,0.4540495647702807,sturdy_otter-results
5,36.48,41.4,35.92,86.78,10,36.3,44.49,13.13,34.88,36.39,0.17999999999999972,85.89,42.945,15,5,74.69,190.81809976839787,,0.41090605810274283,230.65421516064583,0.46553522745508397,swift_peacock-results
10,38.36,40.41,19.22,32.6,4,69.33,44.66,90.53,90.72,53.845,30.97,85.07,42.535,14,6,129.43,171.64976044166187,,0.4167011159613302,227.00577307181416,0.4519264795643095,sturdy_viper-results
4,40.71,31.53,28.5,43.03,7,31.12,44.41,86.4,68.01,35.915,9.59,75.94,37.97,11,3,82.88000000000001,172.861410801972,,0.3988123510805558,218.86865959206492,0.46694325031274553,silent_owl-results
8,62.19,27.59,15.17,14.33,5,45.59,34.35,66.43,35.78,53.89,16.599999999999994,61.94,30.97,13,3,72.71000000000001,158.96241114652858,,0.39594114621694576,214.0111043469348,0.4487235361471065,quick_whale-results
4,23.53,34.06,92.11,78.75,3,15.92,17.13,57.86,43.66,19.725,7.610000000000001,51.19,25.595,7,1,69.34,234.89412434405062,,0.4260779498150648,252.13579977772116,0.4464622701582404,golden_fox-results
7,27.71,33.08,61.97,12.55,9,23.58,39.72,73.61,86.4,25.645,4.130000000000003,72.8,36.4,16,2,85.49000000000001,297.4690567556634,,0.41381456577779974,259.23935488458756,0.4711749312205837,glorious_eagle-results
4,21.77,42.14,84.83,19.86,3,13.29,28.04,93.81,76.64,17.53,8.48,70.18,35.09,7,1,65.76,368.9125238820682,,0.3976277539098044,269.83451316281617,0.44748003317791635,gleaming_monarch-results
10,42.45,10.87,91.5,46.5,5,22.61,23.23,41.33,90.69,32.53,19.840000000000003,34.1,17.05,15,5,94.36,240.1792081220417,,0.41546702426481563,245.8756451828999,0.46087095596530336,mystic_phoenix-results
4,54.34,40.72,19.47,33.49,3,63.68,33.6,69.11,50.64,59.010000000000005,9.339999999999996,74.32,37.16,7,1,66.78999999999999,160.59799921853732,,0.39293813217721957,213.4089775605203,0.45717761946415547,valiant_kiwi-results
10,53.88,14.14,86.49,98.74,4,63.09,49.91,45.4,28.52,58.485,9.21,64.05,32.025,14,6,111.31,165.61814252629196,,0.40614869287595257,219.5816064519336,0.4562695986211085,daring_dolphin-results
4,12.35,41.03,82.28,69.8,7,12.85,12.58,43.27,70.65,12.6,0.5,53.61,26.805,11,3,39.86000000000001,401.39470650492257,,0.3800965226238084,279.4154495744831,0.43965704115992255,luminous_griffin-results
8,17.42,14.84,87.49,28.24,3,26.38,48.54,19.27,27.56,21.9,8.959999999999997,63.379999999999995,31.689999999999998,11,5,68.9,236.76661159547822,,0.4272794665239652,254.3311902355252,0.4535097454911745,zealous_cobra-results
9,52.47,23.37,69.26,33.46,7,38.37,18.99,24.44,16.86,45.42,14.100000000000001,42.36,21.18,16,2,61.42000000000001,175.30665247466385,,0.41251246629241695,228.62517544367864,0.4499911952964646,gleaming_peacock-results
6,20.78,20.61,96.89,79.64,8,36.74,16.53,71.93,90.06,28.76,15.96,37.14,18.57,14,2,35.379999999999995,256.940596865441,,0.41400968240303343,254.24580372395587,0.45021109938491766,serene_badger-results
5,63.66,33.8,52.96,48.61,7,49.37,47.12,76.1,20.86,56.515,14.29,80.91999999999999,40.459999999999994,12,2,50.88999999999999,163.3168414623214,,0.40032327845513493,211.05578831474187,0.45480513822208746,swift_monarch-results
4,40.45,29.92,33.07,81.97,6,61.19,41.27,58.95,58.17,50.82,20.739999999999995,71.19,35.595,10,2,49.68,164.76682082223033,,0.4129264924061778,215.5412722554772,0.4540219440647659,glorious_kiwi-results
9,58.67,40.51,32.78,96.77,5,67.87,49.01,25.99,77.83,63.27,9.200000000000003,89.52,44.76,14,4,25.73,162.0476279750574,,0.40877053894269044,217.77488097798644,0.45310733386429053,mystic_fox-results
6,61.57,49.36,80.67,40.39,9,21.48,27.6,44.06,39.79,41.525,40.09,76.96000000000001,38.480000000000004,15,3,37.21,174.1231437070075,,0.395360419927842,219.45947467077417,0.45949660732675324,brave_serpent-results
4,14.43,45.66,36.48,43.06,6,68.01,12.64,17.5,71.91,41.22,53.580000000000005,58.3,29.15,10,2,47.82999999999999,172.45084565562868,,0.41531570833087783,238.5594691037232,0.43611244497173807,bold_eagle-results
3,42.25,27.42,93.26,37.39,6,65.61,48.01,92.05,18.73,53.93,23.36,75.43,37.715,9,3,19.870000000000008,162.79872814597007,,0.40527347009496395,213.54558314021287,0.45659849560715093,purple_bison-results
9,32.67,31.15,50.99,91.15,4,20.93,38.66,78.43,71.83,26.8,11.740000000000002,69.81,34.905,13,5,46.76000000000001,278.8009766542172,,0.41019438407297404,261.1445535925457,0.46200011157680004,cool_dolphin-results
10,53.04,44.18,88.12,13.03,7,58.59,48.22,16.81,29.26,55.815,5.550000000000004,92.4,46.2,17,3,87.54,160.91010419551705,,0.4104407825839557,217.20095327333235,0.4475176369438866,frosty_dragon-results
8,22.26,23.36,60.46,30.1,10,67.93,38.36,59.98,92.56,45.095000000000006,45.67,61.72,30.86,18,2,62.940000000000005,192.51050572015777,,0.41259501899770445,239.38017591033991,0.45888698024923547,bright_cheetah-results
9,65.88,41.66,85.18,76.66,6,12.27,16.34,91.26,66.46,39.074999999999996,53.61,58.0,29.0,15,3,16.28,247.05023908270556,,0.3980170193125939,243.65501968595393,0.46515029430964827,zealous_phoenix-results
6,18.27,10.81,24.0,41.37,7,14.01,30.75,18.97,90.86,16.14,4.26,41.56,20.78,13,1,54.52,226.2886502756419,,0.39292565524843837,239.34608513220323,0.46108027177636735,lucky_queen-results
5,47.1,28.62,29.82,48.09,4,34.31,18.63,35.36,23.03,40.705,12.79,47.25,23.625,9,1,30.6,161.9018134229363,,0.40149838940173577,216.44206989695238,0.4483834029342658,mystic_viper-results
10,33.44,49.49,13.59,53.94,7,35.11,48.57,56.68,15.22,34.275,1.6700000000000017,98.06,49.03,17,3,81.81,182.65252619909813,,0.4142754906610257,239.44314363922504,0.4665629697488125,valiant_jellyfish-results
3,43.22,44.83,54.49,75.62,9,10.42,46.23,93.05,29.79,26.82,32.8,91.06,45.53,12,6,84.39,233.5251182893035,,0.40152329004829423,241.88488217090946,0.4597107626970263,bold_shark-results
4,49.75,39.2,93.54,40.62,9,68.74,41.52,68.04,36.85,59.245,18.989999999999995,80.72,40.36,13,5,29.269999999999996,169.82714906103115,,0.4013306550458361,218.73412400532192,0.4527865165257057,zealous_dragon-results
10,67.26,22.62,74.88,49.22,8,15.15,11.47,84.71,17.54,41.205000000000005,52.11000000000001,34.09,17.045,18,2,41.51,225.59438957969468,,0.40586434618320966,239.19812241071938,0.461766599610417,brave_lynx-results
4,29.3,49.56,14.63,74.47,9,65.74,20.35,67.34,80.37,47.519999999999996,36.44,69.91,34.955,13,5,58.61000000000001,178.66494328438648,,0.4078355119871406,232.0037783146321,0.4476797392453591,nimble_jellyfish-results
4,39.45,31.23,80.28,71.36,9,69.87,49.4,66.0,33.17,54.660000000000004,30.42,80.63,40.315,13,5,52.47,166.81237269627434,,0.4023906869602553,218.04631947359388,0.46029168646034546,bold_griffin-results
8,11.69,10.95,70.54,75.65,3,10.98,23.84,38.17,82.41,11.335,0.7099999999999991,34.79,17.395,11,5,39.129999999999995,401.4068251956696,,0.39561807963353385,275.83653205929346,0.44645671762178263,mellow_cougar-results
8,10.05,37.4,23.42,11.68,10,43.68,26.17,33.28,11.28,26.865000000000002,33.629999999999995,63.57,31.785,18,2,10.26,242.81301209653668,,0.41880209858435913,254.17447599669276,0.44708188412903505,glorious_griffin-results
5,67.09,16.27,79.4,64.72,7,31.08,48.84,34.74,22.65,49.085,36.010000000000005,65.11,32.555,12,2,86.73,166.47157075018862,,0.39660396533117276,211.029309028452,0.4634220060634659,zealous_lion-results
6,19.84,35.39,13.35,73.81,7,50.42,47.71,36.43,41.59,35.13,30.580000000000002,83.1,41.55,13,1,55.3,174.03073048545548,,0.4152126614219394,229.9465154018172,0.4419681194470023,cosmic_panther-results
8,24.74,40.12,16.29,21.42,5,38.33,26.07,73.33,84.27,31.534999999999997,13.59,66.19,33.095,13,3,119.88999999999999,229.5952414077104,,0.4211331323159737,253.08206821320232,0.4430843822928654,brisk_raven-results
9,56.6,38.82,35.18,34.83,8,62.73,14.7,55.67,66.66,59.665,6.1299999999999955,53.519999999999996,26.759999999999998,17,1,52.32,174.04587144054352,,0.40331648302861495,233.02156855798677,0.4635904534580703,zealous_wizard-results
3,31.06,11.67,49.38,93.67,8,64.97,15.23,79.76,28.89,48.015,33.91,26.9,13.45,11,5,95.16,171.60283190018885,,0.40215626715825814,222.36368101040986,0.458470498400263,serene_cobra-results
6,27.68,21.07,99.77,61.51,10,55.73,11.46,39.58,50.09,41.705,28.049999999999997,32.53,16.265,16,4,71.60999999999999,195.03093761522823,,0.4184494483149597,240.21647914940385,0.45567220141014375,gleaming_viper-results
10,38.78,35.92,21.31,98.72,4,54.55,21.61,35.43,19.07,46.665,15.769999999999996,57.53,28.765,14,6,93.77000000000001,167.80536352816853,,0.3968576774283773,230.13863415549514,0.44556331751531675,zesty_bison-results
10,36.96,47.72,48.9,21.31,7,60.16,41.25,54.39,53.95,48.56,23.199999999999996,88.97,44.485,17,3,38.13,169.863973353496,,0.4127053849664748,224.3330221365661,0.44532392625902484,fiery_cheetah-results
4,22.94,43.08,89.72,44.34,3,23.35,20.89,38.98,21.03,23.145000000000003,0.41000000000000014,63.97,31.985,7,1,74.05000000000001,188.89274815494278,,0.42537945064961846,245.35600858345873,0.44030028083294753,vibrant_peacock-results
4,28.88,34.94,35.83,48.33,5,33.17,15.04,48.37,58.69,31.025,4.290000000000003,49.98,24.99,9,1,22.9,178.11580457447326,,0.4148550854978008,232.1469290071528,0.45385036644902443,radiant_lynx-results
4,13.36,47.8,29.64,51.31,9,51.49,47.25,84.7,82.74,32.425,38.13,95.05,47.525,13,5,86.49,249.3115190313164,,0.4048730915123847,247.72125094897814,0.44825751375053025,brazen_owl-results
3,22.81,31.62,55.97,59.89,8,22.1,12.5,99.22,49.38,22.455,0.7099999999999973,44.120000000000005,22.060000000000002,11,5,53.76,272.7702725592376,,0.4089712024863445,253.40050374960254,0.45620864407663403,ancient_peacock-results
7,13.4,42.31,37.63,77.63,3,25.77,28.86,23.22,36.31,19.585,12.37,71.17,35.585,10,4,55.73,193.64185356337578,,0.4133957514735541,251.59713756378216,0.44007531486411594,mystic_cougar-results
3,45.56,26.46,20.37,26.73,6,18.88,33.34,34.86,17.24,32.22,26.680000000000003,59.800000000000004,29.900000000000002,9,3,23.98,162.27169350156396,,0.39530815432527794,213.1560717144185,0.4488329103688802,playful_ibis-results
8,63.7,43.38,35.24,71.83,10,47.34,22.04,55.05,53.23,55.52,16.36,65.42,32.71,18,2,38.41,177.84284166248287,,0.4082580301428703,224.50565838890165,0.4581357925501724,cosmic_eagle-results
10,69.81,10.39,83.48,70.13,6,37.72,33.31,69.72,88.45,53.765,32.09,43.7,21.85,16,4,32.08000000000001,180.65364055216858,,0.40493832598025803,229.2962524331014,0.4645081836489752,radiant_kiwi-results
9,37.34,22.73,71.51,32.33,4,36.53,20.93,87.82,97.38,36.935,0.8100000000000023,43.66,21.83,13,5,81.35999999999999,241.70508762219956,,0.4166876660602019,250.16828084326264,0.4587266052488196,keen_gazelle-results
3,32.15,48.21,30.18,35.54,7,26.1,46.37,40.98,19.61,29.125,6.049999999999997,94.58,47.29,10,4,26.729999999999997,192.40045191270826,,0.4083002433490069,231.37976805371633,0.4717438289742648,swift_cougar-results
5,67.75,14.44,15.66,34.7,10,26.97,36.32,91.27,34.85,47.36,40.78,50.76,25.38,15,5,75.75999999999999,164.61228877534117,,0.39687834902036867,206.3178428742777,0.4592013531674498,playful_phoenix-results
9,51.07,16.12,14.23,42.73,10,60.0,25.71,71.44,35.91,55.535,8.93,41.83,20.915,19,1,64.03,176.83409393100104,,0.3996678211030652,227.2228966154345,0.4588306618358233,jolly_monarch-results
7,31.79,25.58,83.93,51.79,3,28.35,40.17,55.49,85.76,30.07,3.4399999999999977,65.75,32.875,10,4,62.41000000000001,239.8442531102455,,0.41835356887252384,250.7420607738136,0.45466657519570036,brave_queen-results
10,55.12,26.09,72.56,80.27,8,57.34,27.2,54.62,97.29,56.230000000000004,2.220000000000006,53.29,26.645,18,2,34.960000000000015,193.41166874623647,,0.41266578795986647,236.10936562361087,0.4619846136321369,sturdy_jellyfish-results
4,55.99,45.68,76.85,35.8,6,28.06,42.28,94.56,97.22,42.025,27.930000000000003,87.96000000000001,43.980000000000004,10,2,79.13000000000001,169.80978635823564,,0.40184583444755506,218.52773543921515,0.45498400851201976,brazen_monarch-results
7,10.66,42.32,94.51,82.26,7,47.21,46.46,11.32,83.46,28.935000000000002,36.55,88.78,44.39,14,0,84.38999999999999,186.48169344279174,,0.4108509818368255,238.02280844861434,0.4494256948459423,sturdy_peacock-results
6,68.82,34.24,47.49,86.71,3,69.36,24.1,29.47,79.75,69.09,0.5400000000000063,58.34,29.17,9,3,24.979999999999997,159.7218777859089,,0.3933695013693316,212.87599802713805,0.45409578845564524,elegant_dragon-results
9,13.45,33.47,99.8,94.52,8,21.22,11.34,44.67,27.12,17.335,7.77,44.81,22.405,17,1,122.52999999999999,340.87137436342823,,0.41790920445742663,266.19843325449466,0.44084874811582647,fiery_ibis-results
3,48.28,24.93,92.37,43.24,6,17.79,31.7,81.29,49.95,33.035,30.490000000000002,56.629999999999995,28.314999999999998,9,3,17.79,187.03539255818083,,0.3988630254737729,229.22351519788373,0.46091807158759235,valiant_jaguar-results
10,19.13,39.48,11.62,44.43,9,12.96,27.33,16.73,96.65,16.045,6.169999999999998,66.81,33.405,19,1,57.330000000000005,358.95705474386864,,0.38424656621923475,262.60646866495233,0.4693538168274507,stormy_dolphin-results
5,29.65,39.8,83.12,72.17,3,18.0,20.56,60.58,13.0,23.825,11.649999999999999,60.36,30.18,8,2,81.71000000000001,208.01302036042188,,0.4209487343031806,246.28787457265778,0.4515749652714961,brave_raven-results
9,19.06,39.67,29.99,45.14,10,62.12,48.68,88.64,99.92,40.589999999999996,43.06,88.35,44.175,19,1,113.43,237.13499731107223,,0.4090820425389172,244.85450716941736,0.46096004997756085,keen_wolf-results
5,44.59,45.7,49.89,75.31,3,67.91,17.65,51.48,70.7,56.25,23.319999999999993,63.35,31.675,8,2,6.199999999999996,158.09915144323693,,0.3984278321388154,219.3754574592246,0.4443753029364276,luminous_falcon-results
7,23.83,25.07,79.16,44.17,3,69.53,10.35,33.77,54.04,46.68,45.7,35.42,17.71,10,4,55.25999999999999,166.9249035079079,,0.409532323935181,228.18545748084387,0.44099618211037617,elegant_heron-results
6,16.83,18.91,84.88,80.63,8,17.83,16.06,79.84,58.86,17.33,1.0,34.97,17.485,14,2,26.809999999999988,373.28219868509285,,0.378798338925307,269.8357892969113,0.4506908151874226,nimble_serpent-results
10,67.54,35.05,69.39,62.78,10,61.67,17.64,10.82,90.99,64.605,5.8700000000000045,52.69,26.345,20,0,86.78,180.77910002149994,,0.4082128829746726,234.70420308268848,0.4613934478733514,daring_heron-results
5,18.13,12.36,16.27,23.47,10,28.17,25.29,90.89,78.65,23.15,10.040000000000003,37.65,18.825,15,5,129.8,203.23010810119408,,0.39957580699063544,233.92213625359807,0.4681281553637506,dazzling_queen-results
8,33.59,34.27,65.62,95.24,5,20.28,47.69,89.88,14.71,26.935000000000002,13.310000000000002,81.96000000000001,40.980000000000004,13,3,104.78999999999999,302.33904759439815,,0.403234880643037,262.2986494392137,0.459227757982851,bright_heron-results
8,31.41,47.1,12.23,20.25,3,45.21,13.92,81.39,17.84,38.31,13.8,61.02,30.51,11,5,71.57,168.57650073258657,,0.4031219514325329,230.07029244235713,0.4413047042542657,gleaming_bear-results
5,62.25,29.92,34.99,48.7,10,40.11,43.18,74.82,74.84,51.18,22.14,73.1,36.55,15,5,65.97,163.18845845209592,,0.3969277563027064,212.4109878841764,0.46148887341204403,brave_stag-results
6,22.79,20.94,19.76,16.84,7,69.6,21.6,41.79,75.1,46.19499999999999,46.809999999999995,42.540000000000006,21.270000000000003,13,1,80.28999999999999,167.78036668104505,,0.41044893516751846,223.7222093474824,0.45114551331559866,brazen_heron-results
10,49.97,12.25,11.09,52.37,4,50.11,42.63,99.82,38.7,50.04,0.14000000000000057,54.88,27.44,14,6,102.39999999999998,173.43836271925085,,0.4033584683001521,224.45370379651786,0.45688848791178643,silent_whale-results
8,36.83,15.19,94.41,69.38,5,15.13,19.42,81.21,33.81,25.98,21.699999999999996,34.61,17.305,13,3,48.769999999999996,265.7422697701467,,0.40811760837866723,254.58338844596318,0.45975255188292474,bold_badger-results
5,55.78,14.43,45.18,62.39,8,47.11,17.95,83.77,65.31,51.445,8.670000000000002,32.379999999999995,16.189999999999998,13,3,41.51,176.03638379514223,,0.3988583316295311,221.7748655674847,0.45214968310196624,zesty_peacock-results
10,39.95,48.57,26.19,75.81,6,69.58,32.16,63.4,50.67,54.765,29.629999999999995,80.72999999999999,40.364999999999995,16,4,62.349999999999994,164.6525178516971,,0.41666455482300513,226.2011614101404,0.4519644746308574,bold_wolf-results
9,50.39,23.42,72.9,35.13,6,17.39,47.86,86.39,41.4,33.89,33.0,71.28,35.64,15,3,19.75999999999999,221.86031055529637,,0.39704147649726895,241.43066761976337,0.46274654345989,brisk_queen-results
7,65.29,34.25,10.33,15.06,6,60.61,33.81,43.86,63.11,62.95,4.680000000000007,68.06,34.03,13,1,81.58,158.23718413002425,,0.38860057057102815,209.5608771322021,0.44805544178067525,fierce_heron-results
5,37.38,47.2,47.64,69.41,3,15.27,46.73,66.21,27.01,26.325000000000003,22.110000000000003,93.93,46.965,8,2,60.969999999999985,234.91992963454223,,0.4098183282718808,246.41299589223377,0.45635237905311477,brazen_wizard-results
7,18.67,16.75,55.86,23.26,8,59.45,14.38,54.86,91.07,39.06,40.78,31.130000000000003,15.565000000000001,15,1,68.80999999999999,191.52977323246813,,0.4179636800176953,243.2973471719464,0.45116860749920373,shadowy_tiger-results
3,21.79,43.81,11.15,58.11,8,66.33,18.45,40.32,70.41,44.06,44.54,62.260000000000005,31.130000000000003,11,5,41.47,172.2865832101101,,0.4157922716627457,230.04708901989724,0.444578180085239,keen_panther-results
8,11.9,13.68,15.48,74.2,7,46.54,17.35,13.22,77.2,29.22,34.64,31.03,15.515,15,1,5.26,189.18282917439456,,0.4152208656336399,242.21056646729733,0.44633260997602614,daring_phoenix-results
4,61.39,26.36,43.82,70.62,5,37.16,37.24,58.04,49.95,49.275,24.230000000000004,63.6,31.8,9,1,34.89,160.68601990964632,,0.40629847378423556,213.22386025621597,0.4467887478363716,sneaky_viper-results
10,51.23,33.51,31.84,72.61,9,10.22,19.06,33.92,10.01,30.724999999999998,41.01,52.56999999999999,26.284999999999997,19,1,64.68,244.37450973823724,,0.4114018491189396,249.40411942331303,0.4621249619468514,mellow_monarch-results
8,21.6,46.57,52.4,37.63,6,49.48,40.85,68.92,69.37,35.54,27.879999999999995,87.42,43.71,14,2,48.260000000000005,183.72962778841932,,0.41676578751466914,240.63477471767303,0.4458496722087753,valiant_bison-results
9,21.38,35.35,20.84,75.64,6,43.46,23.61,40.68,81.85,32.42,22.080000000000002,58.96,29.48,15,3,26.049999999999994,201.5148392664763,,0.4314728715396414,243.88750891031884,0.45129534615114264,crimson_panther-results
8,28.94,13.98,56.65,53.3,5,52.54,36.7,65.57,37.64,40.74,23.599999999999998,50.68000000000001,25.340000000000003,13,3,24.57999999999999,181.70309213839053,,0.4174783179356251,228.70094837752617,0.45347477828494076,radiant_jaguar-results
4,66.74,44.4,10.76,45.24,5,62.94,21.08,31.47,65.79,64.84,3.799999999999997,65.47999999999999,32.739999999999995,9,1,41.260000000000005,156.24012460486958,,0.3943089117776565,208.548376315561,0.4503299651630094,fiery_otter-results
3,64.11,38.09,17.21,24.99,7,65.67,15.53,94.2,78.86,64.89,1.5600000000000023,53.620000000000005,26.810000000000002,10,4,130.86,159.9659314562243,,0.3977283788244478,212.88423178108678,0.4496039052064127,lucky_raven-results
5,12.19,32.39,15.77,84.47,9,60.18,35.14,99.74,97.22,36.185,47.99,67.53,33.765,14,4,96.72,246.8802125406687,,0.41080224998368187,254.6626990763625,0.44577519413298294,swift_ibis-results
3,67.38,35.05,91.25,41.29,7,47.47,49.96,33.09,89.27,57.425,19.909999999999997,85.00999999999999,42.504999999999995,10,4,106.13999999999999,160.76833921024692,,0.40085472067562,209.85597564178883,0.45499314023223625,purple_dragon-results
5,25.75,23.07,47.66,60.13,6,15.69,21.79,24.12,95.42,20.72,10.06,44.86,22.43,11,1,58.83,258.36148005450366,,0.4047268805547571,253.3668875386422,0.46066583191811883,golden_badger-results
9,34.44,43.83,94.39,85.89,6,60.28,24.21,10.83,47.65,47.36,25.840000000000003,68.03999999999999,34.019999999999996,15,3,121.80000000000001,170.1583948717642,,0.4187348897296121,228.28418468482192,0.4525222816379396,cool_phoenix-results
9,40.7,35.99,58.63,96.93,5,66.6,23.13,90.31,18.24,53.65,25.89999999999999,59.120000000000005,29.560000000000002,14,4,110.37,178.8203331200654,,0.4142123289894821,237.07661908775884,0.44716705468576995,frosty_eagle-results
8,61.76,30.26,22.18,17.61,10,21.94,22.49,35.08,75.43,41.85,39.81999999999999,52.75,26.375,18,2,70.72,171.41762030877058,,0.397975515887634,222.0166103399384,0.4602078601434141,stormy_bison-results
4,67.05,18.67,20.31,21.78,3,51.76,24.81,98.23,33.06,59.405,15.29,43.480000000000004,21.740000000000002,7,1,89.2,161.9424738283842,,0.3949231660643505,207.81663819588965,0.44554971344701083,quick_fox-results
10,51.08,17.3,20.49,52.84,7,16.06,24.18,27.49,88.02,33.57,35.019999999999996,41.480000000000004,20.740000000000002,17,3,42.17999999999999,207.0749542523123,,0.39729660190630606,239.98592277785283,0.4618305385685181,sturdy_tiger-results
7,54.48,31.19,15.25,82.69,3,16.48,33.94,64.5,94.51,35.48,38.0,65.13,32.565,10,4,61.07000000000001,168.48684349895197,,0.39786220046745535,224.01659844381038,0.4536711176571933,silent_falcon-results
6,69.12,12.8,32.7,92.91,5,60.29,36.25,18.24,66.14,64.705,8.830000000000005,49.05,24.525,11,1,41.230000000000004,162.53056666176295,,0.4013136201732662,212.37249529522222,0.4546626662930834,gleaming_dragon-results
3,25.95,19.2,53.3,71.01,6,28.12,34.58,17.17,56.34,27.035,2.1700000000000017,53.78,26.89,9,3,50.8,175.83414268588638,,0.4087885180766743,224.1602776336095,0.4597658016591408,brave_griffin-results
3,58.37,25.87,67.28,47.03,4,39.08,34.66,45.01,69.76,48.724999999999994,19.29,60.53,30.265,7,1,45.00000000000001,164.79183400569036,,0.4098451362014989,216.7975418015571,0.44788500947174104,swift_bison-results
7,64.65,36.48,86.61,37.14,7,31.05,19.93,90.25,28.88,47.85,33.60000000000001,56.41,28.205,14,0,11.900000000000002,169.80275329994382,,0.4004705746993807,222.0579131507057,0.4529337445322533,ancient_bison-results
4,61.49,39.48,62.49,55.02,8,51.72,32.71,75.09,79.2,56.605000000000004,9.770000000000003,72.19,36.095,12,4,36.78,170.39258080722368,,0.39929419417450907,220.30026493379194,0.45894042160216486,swift_phoenix-results
10,60.28,37.47,50.06,67.22,5,45.56,28.34,87.41,72.01,52.92,14.719999999999999,65.81,32.905,15,5,42.14,181.78438309057321,,0.4060709695853858,231.34760687893964,0.4586498198977072,gentle_gazelle-results
5,51.94,15.39,46.7,62.37,8,41.86,30.89,69.08,62.83,46.9,10.079999999999998,46.28,23.14,13,3,22.839999999999996,167.20954677063614,,0.4039893498299286,221.97476004662627,0.4578953859399262,brisk_falcon-results
10,10.49,38.42,36.1,14.62,10,23.76,11.52,14.99,62.64,17.125,13.270000000000001,49.94,24.97,20,0,69.13,351.63729715796643,,0.40830640121362116,271.74326058146517,0.4377066534179088,silent_gazelle-results
5,43.21,15.44,89.3,29.24,8,43.64,24.62,65.46,29.96,43.425,0.4299999999999997,40.06,20.03,13,3,24.560000000000006,178.60048370753165,,0.4110452079564929,228.54234850943544,0.4520814154938841,sneaky_gazelle-results
8,54.81,25.3,23.26,77.6,3,22.79,35.4,86.46,21.18,38.8,32.02,60.7,30.35,11,5,119.61999999999998,180.15016932870154,,0.4106051193017521,231.4938201830611,0.45441225174263866,brisk_tiger-results
7,61.9,11.62,51.37,92.09,5,25.95,37.28,29.64,10.63,43.925,35.95,48.9,24.45,12,2,103.19,172.72706444589633,,0.39931916016742164,218.1540903145325,0.45587455218119516,radiant_dragon-results
6,11.86,41.81,37.96,10.27,3,12.1,42.87,60.9,18.87,11.98,0.2400000000000002,84.68,42.34,9,3,31.54,401.126005990994,,0.36034140776301193,279.2080744505406,0.44767465738360085,luminous_fox-results
7,27.26,32.66,41.07,58.02,6,17.38,27.69,88.47,12.1,22.32,9.880000000000003,60.349999999999994,30.174999999999997,13,1,93.32,266.07496581293356,,0.40234223863573676,259.4429759741637,0.45118928923525936,nimble_bison-results
10,22.21,37.08,45.5,23.18,3,10.12,48.39,31.45,27.42,16.165,12.090000000000002,85.47,42.735,13,7,18.290000000000003,368.2424487001818,,0.39006003828443847,267.62429721076387,0.46180168178049785,swift_lynx-results
6,30.33,23.05,45.61,82.1,7,62.77,44.91,88.17,83.79,46.55,32.440000000000005,67.96,33.98,13,1,44.250000000000014,179.27886284935627,,0.4055589417892823,228.22909778726887,0.45749627207992344,purple_jaguar-results
5,45.16,41.43,48.13,80.49,4,30.19,37.57,50.86,95.04,37.675,14.969999999999995,79.0,39.5,9,1,17.28000000000001,178.93138767565515,,0.4071691920404116,230.4223403404419,0.45297810656860876,ancient_cheetah-results
9,28.17,19.39,99.07,51.51,4,42.59,35.9,64.56,61.49,35.38,14.420000000000002,55.29,27.645,13,5,44.489999999999995,199.62517827201043,,0.42784678664851944,244.5871650465376,0.4529840426462588,quick_cougar-results
8,43.89,48.34,26.34,79.54,8,20.53,37.3,74.81,39.55,32.21,23.36,85.64,42.82,16,0,88.46000000000001,190.2344830422554,,0.405973995783921,241.5021301399793,0.4625569491402918,cosmic_lion-results
3,53.6,39.1,57.09,22.97,6,64.6,21.03,39.45,77.84,59.099999999999994,10.999999999999993,60.13,30.065,9,3,72.51,161.24039840315396,,0.40383177076126353,214.32296626965143,0.4476132726012988,lucky_panther-results
5,10.67,28.3,51.37,24.77,6,64.45,14.76,50.86,97.61,37.56,53.78,43.06,21.53,11,1,73.35,191.91566646848952,,0.4220764754223443,249.66295092462343,0.44331188288770557,fiery_peacock-results
5,62.25,45.97,20.2,79.2,3,10.55,31.86,14.75,26.41,36.4,51.7,77.83,38.915,8,2,58.24000000000001,165.47953182029443,,0.3931305151244777,220.42715525874945,0.45382098532900755,zesty_wolf-results
10,29.41,44.8,89.7,24.63,7,51.32,38.14,45.23,25.9,40.365,21.91,82.94,41.47,17,3,45.74000000000001,180.48536187112717,,0.4245207600979942,231.5282706992535,0.46536459699855265,fierce_cheetah-results
9,25.53,25.02,42.36,41.83,8,35.72,37.61,11.14,88.03,30.625,10.189999999999998,62.629999999999995,31.314999999999998,17,1,77.42,240.4328961015576,,0.41146020306468156,246.4430844533901,0.46286709310537977,shadowy_badger-results
3,40.56,30.62,11.56,29.33,6,50.79,44.42,66.56,97.29,45.675,10.229999999999997,75.04,37.52,9,3,122.96000000000001,161.99896378349624,,0.400667323899185,213.9204884400624,0.4437155352702395,nimble_hedgehog-results
9,66.81,41.13,64.83,68.09,4,47.43,42.0,61.08,17.17,57.120000000000005,19.380000000000003,83.13,41.565,13,5,54.67,162.98662946180204,,0.4080920373614882,222.8896030892476,0.4581920873656309,elegant_jaguar-results
6,45.5,34.83,86.43,74.42,6,16.24,26.7,52.58,64.52,30.869999999999997,29.26,61.53,30.765,12,0,43.750000000000014,194.95422737053755,,0.3994723428653227,242.4023062871541,0.45695039228632794,fiery_kiwi-results
9,65.21,22.72,88.43,14.46,9,56.92,26.24,34.37,45.47,61.065,8.289999999999992,48.959999999999994,24.479999999999997,18,0,85.07000000000001,175.21222387893403,,0.4040192567656852,228.19984092495505,0.4632960690532809,nimble_cougar-results
5,10.94,36.1,65.21,58.7,3,69.03,18.43,38.31,12.61,39.985,58.09,54.53,27.265,8,2,72.99,170.45672983163112,,0.409292449550556,232.73949046415134,0.43918424444086246,elegant_wolf-results
3,29.81,44.63,55.34,91.2,10,64.98,10.07,54.67,82.21,47.395,35.17,54.7,27.35,13,7,9.66000000000001,192.8118867762258,,0.41586952064609833,240.57955905605462,0.4535999627531707,silent_heron-results
9,47.52,14.79,28.37,47.93,4,13.71,46.44,54.13,35.61,30.615000000000002,33.81,61.23,30.615,13,5,38.08,231.17534031848302,,0.4010521552001811,236.659826419715,0.4673766472123191,glorious_serpent-results
3,43.12,40.85,41.33,30.54,9,12.86,46.19,49.72,34.99,27.99,30.259999999999998,87.03999999999999,43.519999999999996,12,6,12.840000000000003,169.57569803988656,,0.38997534590593463,224.5125332555439,0.4551822543120837,lucky_hedgehog-results
8,62.3,19.7,36.81,76.29,3,30.26,23.5,39.06,65.18,46.28,32.03999999999999,43.2,21.6,11,5,13.36,162.66232212578598,,0.402840240602476,220.7766866945973,0.45326346603042406,brazen_whale-results
5,51.7,37.96,10.68,81.55,4,38.44,21.02,46.43,60.39,45.07,13.260000000000005,58.980000000000004,29.490000000000002,9,1,56.91,164.41226611299183,,0.4004812063325398,217.0154797170583,0.44848256501904726,brave_cougar-results
9,36.8,45.3,59.63,12.25,9,32.47,23.81,35.95,29.91,34.635,4.329999999999998,69.11,34.555,18,0,41.34,210.47681053803453,,0.41666230016686845,244.04049616627992,0.44876089034971023,gleaming_stag-results
10,32.86,12.36,27.58,16.37,8,37.01,11.28,22.81,86.87,34.935,4.149999999999999,23.64,11.82,18,2,75.27,183.12139783673305,,0.4105721359358414,235.5945382909449,0.4573487840573967,brave_bear-results
7,36.97,30.35,35.99,14.08,10,61.39,28.09,79.15,57.99,49.18,24.42,58.44,29.22,17,3,87.07000000000001,181.2077823182405,,0.40691185080987247,228.28809604114088,0.4589401080458475,sturdy_queen-results
5,18.49,35.59,28.77,31.32,10,32.48,35.18,36.27,10.87,25.485,13.989999999999998,70.77000000000001,35.385000000000005,15,5,27.950000000000006,241.86425559650402,,0.3991630820514025,252.85675568714944,0.4597189587964903,bold_serpent-results
3,49.46,41.48,19.0,81.35,7,15.71,15.51,78.28,54.88,32.585,33.75,56.989999999999995,28.494999999999997,10,4,85.75,172.48265247121714,,0.39529904401785587,228.13213563104546,0.45604510162173717,vivid_cheetah-results
6,44.65,16.61,86.9,39.29,6,12.34,17.32,23.97,23.03,28.494999999999997,32.31,33.93,16.965,12,0,79.19,186.51569040645353,,0.3924764961955983,234.6673876251303,0.4588915372939796,brazen_dolphin-results
4,60.23,39.18,45.65,50.39,3,54.75,41.15,71.52,80.78,57.489999999999995,5.479999999999997,80.33,40.165,7,1,56.26,160.93457196854638,,0.37600875861373834,215.65653225758774,0.45022917061060863,stormy_cougar-results
6,32.71,40.21,43.4,52.12,4,15.52,40.22,24.04,86.11,24.115000000000002,17.19,80.43,40.215,10,2,53.35,203.91930810127496,,0.4080512096631635,248.05478846099015,0.45266246499408097,elegant_peacock-results
9,13.59,16.47,70.93,60.89,4,52.27,34.01,75.78,90.04,32.93,38.68000000000001,50.48,25.24,13,5,34.0,221.16001306679945,,0.4316319753567215,243.76500082841255,0.4559001406410875,valiant_panther-results
3,58.1,31.22,87.18,69.81,10,68.83,45.54,52.19,92.6,63.465,10.729999999999997,76.75999999999999,38.379999999999995,13,7,57.78,170.50053247089272,,0.39836830079238317,219.42683660965687,0.4582618680537172,vibrant_falcon-results
6,22.72,23.31,55.97,84.17,8,21.5,23.45,43.55,76.93,22.11,1.2199999999999989,46.76,23.38,14,2,19.659999999999997,314.3270465839808,,0.4000770318760254,254.35383460156424,0.46428955456849846,golden_panther-results
6,31.13,25.18,76.61,30.2,9,15.13,33.57,83.4,94.57,23.13,15.999999999999998,58.75,29.375,15,3,71.16,268.8216998119564,,0.40508420635529063,253.19105995051862,0.4655318304217606,bright_peacock-results
3,62.83,19.03,78.25,38.35,10,51.22,37.28,21.22,69.4,57.025,11.61,56.31,28.155,13,7,88.08000000000001,169.56551708751851,,0.39994828209859645,216.79444766570134,0.4578203796854671,brisk_serpent-results
8,24.01,17.22,33.46,85.8,5,37.92,49.44,44.92,89.76,30.965000000000003,13.91,66.66,33.33,13,3,15.420000000000009,217.5289217946958,,0.4075233330923698,238.8008421396664,0.4561154908683407,elegant_whale-results
9,25.83,24.47,18.86,84.03,3,17.33,39.39,42.39,65.41,21.58,8.5,63.86,31.93,12,6,42.150000000000006,317.0085705792033,,0.4115512134159087,260.5880827560848,0.45379658846031706,gentle_badger-results
8,12.79,34.44,36.0,54.58,3,53.26,34.43,51.34,25.51,33.025,40.47,68.87,34.435,11,5,44.41,178.36653618390497,,0.42312064391651794,238.34691784871563,0.441526391996835,sneaky_cobra-results
9,45.91,45.36,44.52,21.63,6,41.15,14.04,74.93,29.97,43.53,4.759999999999998,59.4,29.7,15,3,38.75,176.5500279071079,,0.4152789784236813,230.65038249800378,0.45296433560970895,stormy_jellyfish-results
7,14.58,20.47,35.72,33.61,4,63.51,19.38,70.96,14.1,39.045,48.93,39.849999999999994,19.924999999999997,11,3,54.74999999999999,175.42040963302048,,0.4236914643622366,232.8712069553446,0.437653422439512,mystic_cobra-results
7,52.47,46.97,44.3,11.33,5,13.98,29.73,78.45,85.34,33.225,38.489999999999995,76.7,38.35,12,2,108.16000000000001,173.70082807125,,0.404297847198434,222.93351812095977,0.45445679005308004,brave_ibis-results
4,65.03,10.26,43.03,64.31,8,44.5,40.41,15.17,25.88,54.765,20.53,50.669999999999995,25.334999999999997,12,4,66.29,160.788486164029,,0.3951734732196386,207.21405809424633,0.4522704828873384,sturdy_badger-results
7,22.33,33.82,58.09,12.3,9,35.17,43.52,19.62,76.87,28.75,12.840000000000003,77.34,38.67,16,2,103.04,242.95560078240683,,0.40826565302310364,247.11240842464696,0.46575675843900544,shadowy_raven-results
8,14.47,28.82,47.57,58.71,9,14.52,48.12,63.75,18.52,14.495000000000001,0.049999999999998934,76.94,38.47,17,1,56.37,390.6354679415111,,0.3718289864403161,277.4224738601599,0.4450750320578559,gentle_otter-results
9,52.73,37.09,33.36,24.87,9,59.06,14.66,97.53,61.46,55.894999999999996,6.330000000000005,51.75,25.875,18,0,100.76,186.87658852940345,,0.41759856057367295,234.89513777187432,0.4647038601719975,daring_eagle-results
8,37.82,13.57,19.11,97.36,3,22.82,23.98,30.97,39.43,30.32,15.0,37.55,18.775,11,5,69.78999999999999,179.22489180720626,,0.41995865276512323,235.37405616831742,0.45553850173910604,elegant_eagle-results
9,41.08,26.7,77.75,63.01,5,43.72,46.34,45.56,52.04,42.4,2.6400000000000006,73.04,36.52,14,4,43.16,186.01223107244238,,0.40097736869160183,236.41724286918645,0.4596687633993509,jolly_badger-results
9,48.64,44.48,37.41,56.47,6,41.14,16.02,81.32,50.73,44.89,7.5,60.5,30.25,15,3,49.65,179.70669512943533,,0.41268053226184825,236.04009698518126,0.44917020773081445,daring_shark-results
5,44.29,38.46,47.29,99.64,7,68.64,13.57,55.02,49.53,56.465,24.35,52.03,26.015,12,2,57.84,163.20412117691342,,0.3981203445237611,222.61553377467655,0.4481479760091382,elegant_shark-results
6,61.42,36.33,38.3,23.82,3,30.84,25.14,79.61,21.55,46.13,30.580000000000002,61.47,30.735,9,3,43.58,162.39417899526077,,0.4002288103629462,208.64850759858678,0.4459395866892658,cool_viper-results
3,21.39,39.1,51.9,13.85,9,30.83,47.64,38.04,63.84,26.11,9.439999999999998,86.74000000000001,43.370000000000005,12,6,63.85,247.45912272564638,,0.40590480363989656,244.78552354281896,0.4734460018442367,cool_wolf-results
6,62.94,45.68,48.14,93.31,9,48.59,28.71,58.25,53.85,55.765,14.349999999999994,74.39,37.195,15,3,49.57,168.46525717912073,,0.3996398443592211,219.77771999866155,0.456448581361812,lucky_gazelle-results
7,17.5,49.23,16.79,72.16,4,51.31,14.11,93.84,42.73,34.405,33.81,63.339999999999996,31.669999999999998,11,3,106.48000000000002,181.3202615047195,,0.3966813950284295,242.4341365511492,0.4368402405982481,cool_cougar-results
9,58.75,25.54,49.14,22.48,7,51.33,10.46,80.26,56.0,55.04,7.420000000000002,36.0,18.0,16,2,64.64,171.16236812337922,,0.4039750781966716,228.78498914440516,0.4581462527767618,bright_shark-results
3,13.08,44.11,74.75,51.9,4,33.05,10.11,20.38,30.22,23.064999999999998,19.97,54.22,27.11,7,1,76.05000000000001,172.96105028944046,,0.41919478139490685,238.44313523965397,0.43811502675725045,mystic_wolf-results
8,10.45,14.57,81.34,33.07,3,46.26,34.15,42.91,78.1,28.354999999999997,35.81,48.72,24.36,11,5,83.46000000000001,191.9879935605409,,0.4211349774571368,244.7048449177089,0.44484334818776766,bright_wolf-results
8,24.91,36.51,66.35,22.79,4,66.55,45.08,19.99,74.44,45.73,41.64,81.59,40.795,12,4,98.00999999999999,162.2310340664994,,0.4130878965193451,224.82845449049782,0.439344759620853,playful_kiwi-results
4,53.45,31.74,88.12,63.35,5,32.63,11.69,70.74,88.41,43.040000000000006,20.82,43.43,21.715,9,1,42.440000000000005,174.99819335123962,,0.4029233685585338,229.18429923093396,0.4552707683237104,jolly_dolphin-results
4,18.24,12.27,15.49,27.24,3,25.21,14.83,68.65,73.33,21.725,6.970000000000002,27.1,13.55,7,1,99.25,165.63428826574233,,0.40854562000297867,222.0586546927325,0.4553948874462201,vivid_whale-results
6,37.33,48.88,45.77,81.78,9,15.44,16.76,58.45,54.6,26.384999999999998,21.89,65.64,32.82,15,3,39.86,240.33470681233098,,0.4170484159443346,250.72066647518707,0.45754738967902353,brazen_shark-results
8,46.95,43.91,50.59,31.91,8,26.47,32.48,22.03,55.92,36.71,20.480000000000004,76.38999999999999,38.19499999999999,16,0,52.57000000000001,177.8543389168448,,0.40457792061213854,230.59887316245948,0.4642033776618249,radiant_hedgehog-results
10,62.89,47.85,90.06,13.85,3,17.52,30.59,24.94,51.06,40.205,45.370000000000005,78.44,39.22,13,7,102.33000000000001,190.5864484245679,,0.4198326321810368,235.30209987532916,0.4689563938197948,dazzling_owl-results
6,26.92,17.57,77.13,42.76,9,41.69,33.09,32.82,50.73,34.305,14.769999999999996,50.660000000000004,25.330000000000002,15,3,52.279999999999994,203.04485834135886,,0.4080645790500058,236.66913850090052,0.46269128016878847,radiant_ibis-results
7,49.89,16.17,50.77,81.42,5,14.68,45.79,66.71,48.48,32.285,35.21,61.96,30.98,12,2,48.879999999999995,183.49570963320525,,0.3861558034304363,231.77212011485904,0.4606580411861529,zealous_otter-results
10,52.34,32.24,73.65,76.1,6,22.56,36.26,31.02,45.85,37.45,29.780000000000005,68.5,34.25,16,4,72.88,191.0160240147165,,0.39692791050635845,240.11018979947906,0.4642441475474221,silent_panther-results
6,11.17,29.1,66.72,72.15,6,44.14,11.87,95.04,71.72,27.655,32.97,40.97,20.485,12,0,28.750000000000014,243.9736311402051,,0.4214074765618394,256.6465461809872,0.442154947429417,sturdy_owl-results
5,25.35,35.38,43.46,82.35,5,41.37,39.26,70.52,52.15,33.36,16.019999999999996,74.64,37.32,10,0,57.25999999999999,195.46578901724823,,0.4185220202774891,241.1057632956802,0.4542204752426408,jolly_hedgehog-results
7,23.04,22.86,29.0,15.97,9,54.19,16.11,37.08,77.7,38.614999999999995,31.15,38.97,19.485,16,2,69.81,185.53323053620562,,0.4130952998883883,239.34039874180002,0.45248444013284594,brazen_eagle-results
6,18.69,13.82,33.22,33.43,6,29.25,37.26,82.37,95.52,23.97,10.559999999999999,51.08,25.54,12,0,111.24000000000001,209.82337036100972,,0.4072069896417435,240.5585590547596,0.4637208636302951,dazzling_cougar-results
6,61.99,22.99,63.38,99.16,7,47.38,36.57,21.94,40.04,54.685,14.61,59.56,29.78,13,1,100.56,163.77829852216192,,0.40627203634078063,219.72983718751647,0.4550614085948345,sturdy_raven-results
4,45.46,11.21,25.0,88.16,7,66.35,49.11,60.2,13.32,55.905,20.889999999999993,60.32,30.16,11,3,110.04,159.8879644768179,,0.39447797171959964,207.16683082234806,0.4539060121700004,fiery_stag-results
3,46.08,25.84,57.23,66.71,10,44.93,26.19,50.49,42.63,45.504999999999995,1.1499999999999986,52.03,26.015,13,7,30.819999999999986,175.83811724252786,,0.4076947823615653,224.22421194812244,0.45306182009719853,gleaming_lynx-results
9,47.32,43.24,75.85,49.61,7,24.32,42.5,94.1,71.82,35.82,23.0,85.74000000000001,42.870000000000005,16,2,40.459999999999994,222.96619056383108,,0.40857040870702144,240.47951540227146,0.45993979217290215,jolly_shark-results
6,50.64,48.83,21.46,80.58,10,54.59,32.85,52.53,19.31,52.615,3.950000000000003,81.68,40.84,16,4,92.34,168.0021759546257,,0.40655103797031955,219.56229904129452,0.45582686794058663,dazzling_cheetah-results
3,44.91,43.02,64.14,89.19,5,35.41,42.23,84.75,82.33,40.16,9.5,85.25,42.625,8,2,27.47,183.85898439212812,,0.39510547977143406,227.05881034928245,0.4540952208758249,shadowy_serpent-results
4,60.73,27.58,18.17,29.14,6,69.59,33.03,57.22,25.36,65.16,8.860000000000007,60.61,30.305,10,2,42.83,158.6741533473605,,0.3965670413016045,205.759497354509,0.4494703034259137,keen_falcon-results
8,20.26,48.26,49.77,27.24,6,48.27,37.52,97.7,83.99,34.265,28.01,85.78,42.89,14,2,104.68,195.42916573867896,,0.40207237506959137,247.81045189756506,0.44116664079803747,vibrant_bison-results
7,11.9,32.06,80.32,28.01,7,46.21,19.69,49.38,47.82,29.055,34.31,51.75,25.875,14,0,50.749999999999986,197.11418525462014,,0.423913938563159,246.39661276111138,0.43788471689233455,fierce_shark-results
10,52.98,33.88,31.25,86.33,10,32.35,26.8,36.83,20.64,42.665,20.629999999999995,60.68000000000001,30.340000000000003,20,0,71.27,189.3154518099196,,0.40959742665235277,234.89657577371082,0.4590622946387768,brisk_fox-results
6,13.44,44.59,15.81,47.78,7,19.2,13.36,66.78,94.15,16.32,5.76,57.95,28.975,13,1,97.34,358.8782210198257,,0.40876730937633887,273.7536994497814,0.441790884490728,glorious_ibis-results
8,37.61,43.93,47.97,26.47,5,51.04,44.51,12.28,36.04,44.325,13.43,88.44,44.22,13,3,45.26,165.6807849481672,,0.4183566586668408,222.00725149270428,0.44496354936666527,brave_tiger-results
3,38.56,26.02,43.55,94.28,8,47.37,41.64,85.18,22.51,42.965,8.809999999999995,67.66,33.83,11,5,113.4,172.4557250491667,,0.406716137774347,226.14771835073935,0.45994489811387296,fierce_eagle-results
5,46.9,36.48,81.63,79.9,5,14.45,24.74,67.81,97.01,30.674999999999997,32.45,61.22,30.61,10,0,30.929999999999993,227.46491895862826,,0.3985504150956125,239.74191211148036,0.4569505727717371,jolly_eagle-results
5,68.87,43.19,21.29,83.07,7,39.48,29.32,44.7,52.86,54.175,29.390000000000008,72.50999999999999,36.254999999999995,12,2,53.62,158.20524495332995,,0.3970319548285982,205.54102237435117,0.44769055418299203,serene_otter-results
8,40.21,28.89,14.79,91.25,3,38.68,13.99,28.72,23.09,39.445,1.5300000000000011,42.88,21.44,11,5,82.09,161.64059484997117,,0.3966008036337396,220.79720697978462,0.44058388199948506,serene_viper-results
3,65.34,29.56,87.6,50.03,10,38.56,17.71,47.68,53.48,51.95,26.78,47.269999999999996,23.634999999999998,13,7,43.36999999999999,169.94273629677693,,0.4061949354417761,226.08644411083216,0.45163595838836335,mellow_phoenix-results
5,60.92,40.73,57.47,71.14,5,61.6,21.01,89.13,52.52,61.260000000000005,0.6799999999999997,61.739999999999995,30.869999999999997,10,0,50.279999999999994,166.12373318485598,,0.39698642013450997,220.1874630142803,0.4541060864335943,daring_monarch-results
7,40.73,29.86,69.73,12.26,6,17.58,27.28,40.73,31.01,29.154999999999998,23.15,57.14,28.57,13,1,47.75000000000001,177.283374405141,,0.40514944736894115,238.6084825849253,0.4582684195975491,frosty_griffin-results
10,40.13,15.44,20.07,24.04,10,29.31,35.21,33.05,28.02,34.72,10.820000000000004,50.65,25.325,20,0,16.959999999999997,195.42684153125325,,0.4067361728230581,231.62523382327163,0.4709771070550358,golden_gazelle-results
10,58.8,20.79,86.79,85.55,3,48.37,45.86,29.57,26.1,53.584999999999994,10.43,66.65,33.325,13,7,116.67,168.7739031781151,,0.40704747553054915,225.22691979791927,0.4536927524469842,valiant_gazelle-results
8,55.64,45.34,41.02,43.03,8,29.97,16.83,89.86,31.86,42.805,25.67,62.17,31.085,16,0,60.01,174.61753772581238,,0.402823192185662,229.9189403221281,0.4536617446098509,vivid_falcon-results
8,47.76,12.37,92.39,73.35,7,64.68,43.69,33.74,76.61,56.22,16.92000000000001,56.059999999999995,28.029999999999998,15,1,61.910000000000004,167.15751757465247,,0.4117406998708995,216.6385108289726,0.4533585417336738,mellow_wolf-results
4,30.52,29.8,92.94,82.34,9,62.44,20.9,25.45,91.36,46.48,31.919999999999998,50.7,25.35,13,5,76.50999999999999,185.29410706625683,,0.41854918544249936,234.34725815119515,0.44818094586977963,brazen_hedgehog-results
4,46.36,38.42,93.32,48.33,9,60.06,21.55,77.24,40.31,53.21,13.700000000000003,59.97,29.985,13,5,24.099999999999994,179.6245327702356,,0.4111419184516291,227.27462468614888,0.4532640995243077,frosty_jaguar-results
8,42.74,22.15,80.14,59.63,7,39.04,32.8,76.43,10.48,40.89,3.700000000000003,54.949999999999996,27.474999999999998,15,1,52.86,188.26525172254225,,0.39024785119862904,240.5145673428776,0.4547943536814246,ancient_cougar-results
8,50.71,39.36,72.38,35.86,7,41.59,36.32,49.12,92.34,46.150000000000006,9.119999999999997,75.68,37.84,15,1,79.74000000000001,176.5457603076904,,0.40839001903906,234.52321189117293,0.4543148747065816,cool_hedgehog-results
6,38.87,26.15,91.49,67.99,10,54.84,16.84,69.16,52.13,46.855000000000004,15.970000000000006,42.989999999999995,21.494999999999997,16,4,38.18999999999999,203.12223796116837,,0.41410597651189923,239.42959397627686,0.44975616832272375,frosty_heron-results
7,42.39,41.19,39.5,73.93,3,30.44,41.34,65.23,35.22,36.415,11.95,82.53,41.265,10,4,64.44000000000001,184.37106695723995,,0.4151523302621461,232.4690799457956,0.4490791029556187,cool_monarch-results
6,44.17,33.4,73.97,88.8,7,43.56,32.04,37.2,27.73,43.865,0.6099999999999994,65.44,32.72,13,1,97.83999999999999,178.54961346800235,,0.40690757116265824,230.1320461157608,0.4490657432682911,zesty_cheetah-results
4,38.82,44.67,35.31,23.22,3,50.58,39.72,67.05,96.61,44.7,11.759999999999998,84.39,42.195,7,1,105.13,172.64100226698605,,0.410637940434321,223.682202555768,0.4379495852065365,playful_jellyfish-results
7,19.16,35.48,36.64,43.34,10,27.76,24.26,63.35,52.18,23.46,8.600000000000001,59.739999999999995,29.869999999999997,17,3,35.55,293.86934058562815,,0.4055564026977412,263.623069610642,0.4518888055724012,zealous_jaguar-results
9,19.44,44.72,46.34,51.97,6,56.52,20.63,96.48,55.76,37.980000000000004,37.08,65.35,32.675,15,3,53.93,193.1648382482051,,0.427954158760227,244.56497567176274,0.4413219942995754,quick_gazelle-results
10,42.52,12.4,16.85,84.87,5,38.61,33.65,81.97,54.87,40.565,3.9100000000000037,46.05,23.025,15,5,95.12,185.38913333503126,,0.41549785916158555,234.5613453133056,0.45627638422844913,quick_badger-results
6,57.14,32.3,28.67,88.71,9,17.38,49.15,76.66,77.95,37.26,39.760000000000005,81.44999999999999,40.724999999999994,15,3,58.749999999999986,170.22207548072922,,0.3946445110546387,224.60444720232624,0.45476306899029406,zesty_heron-results
3,63.91,10.79,94.11,25.85,5,13.92,11.78,15.98,57.18,38.915,49.989999999999995,22.57,11.285,8,2,109.46,174.15233628150227,,0.3968270430696139,219.88777503400877,0.4556240618005081,crimson_bear-results
10,41.76,39.84,97.7,29.87,4,60.16,16.12,46.84,33.82,50.959999999999994,18.4,55.96000000000001,27.980000000000004,14,6,54.81,171.65817653645,,0.4196581642146152,228.50404854055586,0.45189132612216915,quick_heron-results
3,38.07,42.75,86.02,90.75,9,46.84,36.94,85.38,22.08,42.455,8.770000000000003,79.69,39.845,12,6,69.31,198.07859108945624,,0.40846891736774626,237.54685115326518,0.4625276613471043,playful_cobra-results
3,57.6,25.47,68.98,64.6,7,53.96,13.04,70.66,45.74,55.78,3.6400000000000006,38.51,19.255,10,4,20.539999999999985,164.88382375178244,,0.40615655015761026,220.45699692070514,0.4515092153587543,brazen_lynx-results
6,46.37,32.39,96.79,28.08,10,57.07,22.28,19.28,99.7,51.72,10.700000000000003,54.67,27.335,16,4,149.13,175.92825859473552,,0.40342849938348024,229.36704782228483,0.45473680381515214,golden_bear-results
8,10.85,38.3,42.05,10.39,8,65.56,17.99,39.37,49.67,38.205,54.71,56.28999999999999,28.144999999999996,16,0,41.96,192.1615093865691,,0.42066509401900093,246.32431160801866,0.44124869633562436,vibrant_wolf-results
10,64.99,46.45,40.8,34.57,6,57.18,25.76,56.18,41.57,61.084999999999994,7.809999999999995,72.21000000000001,36.105000000000004,16,4,22.380000000000003,168.2142215864593,,0.40510739505915705,227.48257241577116,0.4659371378142767,elegant_hedgehog-results
8,60.83,32.08,27.41,60.06,4,23.41,18.38,62.69,35.17,42.12,37.42,50.459999999999994,25.229999999999997,12,4,60.17,166.57870669358556,,0.4061142391581885,225.80134905942245,0.4611369518962596,crimson_serpent-results
8,30.05,43.8,66.66,44.51,6,39.25,15.07,27.23,42.72,34.65,9.2,58.87,29.435,14,2,41.21999999999999,177.13942167026966,,0.419225803429944,233.3212262846628,0.4548597830902305,brazen_kiwi-results
9,43.63,48.82,93.6,83.97,6,35.9,34.01,15.68,97.97,39.765,7.730000000000004,82.83,41.415,15,3,91.91999999999999,205.93109161694832,,0.4200596751166319,241.18361808851927,0.4519288516388906,purple_peacock-results
8,28.94,26.51,31.07,54.14,8,18.22,20.96,90.43,96.73,23.58,10.720000000000002,47.47,23.735,16,0,101.95000000000002,327.6606803540231,,0.394782277072921,265.24671544017457,0.4596680474787394,vivid_dragon-results
9,65.85,38.03,26.75,92.92,3,65.16,45.94,77.27,65.77,65.505,0.6899999999999977,83.97,41.985,12,6,77.67,164.06731945245812,,0.4066519835552673,219.6031028345375,0.46300717689290405,daring_peacock-results
5,68.09,12.17,38.16,69.28,4,58.85,48.59,89.26,72.69,63.47,9.240000000000002,60.760000000000005,30.380000000000003,9,1,54.510000000000005,162.23504535289575,,0.39978114150643657,208.75400962258502,0.44487568774964037,cool_jellyfish-results
8,32.55,40.62,91.21,98.57,4,10.97,24.94,15.79,46.91,21.759999999999998,21.58,65.56,32.78,12,4,127.07999999999998,325.59562751727583,,0.4184306914057687,266.77521319613464,0.44876198990965804,vivid_bison-results
8,31.19,12.61,76.2,51.79,8,38.07,35.51,39.32,98.13,34.63,6.879999999999999,48.12,24.06,16,0,83.22,245.7500613786273,,0.40751806875318874,239.94017864732945,0.4654947763339,serene_cheetah-results
5,25.04,19.38,88.59,61.63,7,19.19,27.16,14.62,63.05,22.115000000000002,5.849999999999998,46.54,23.27,12,2,75.38999999999999,254.7457779701197,,0.3871345443100415,253.48396169911229,0.46319801357871143,daring_hedgehog-results
3,49.63,30.33,65.13,11.45,9,55.86,22.35,14.73,15.14,52.745000000000005,6.229999999999997,52.68,26.34,12,6,54.08999999999999,163.39417831708812,,0.4043833055946967,216.99082001359852,0.4465903905575429,shadowy_bear-results
10,27.38,21.78,55.81,88.39,5,36.12,43.91,75.61,80.66,31.75,8.739999999999998,65.69,32.845,15,5,27.53,252.21727791906562,,0.4168718099528283,249.6368532409249,0.45646509399022084,zealous_wolf-results
3,22.17,25.92,12.5,55.94,3,26.71,28.8,76.89,76.92,24.44,4.539999999999999,54.72,27.36,6,0,85.37,180.94985447604887,,0.41833819567566566,235.49422446881906,0.45552424333753294,luminous_lion-results
6,17.71,30.72,96.61,30.87,7,55.95,11.48,73.9,99.07,36.83,38.24,42.2,21.1,13,1,90.90999999999998,212.07642416244775,,0.42553173884197304,249.39931963787166,0.4434297835700722,radiant_shark-results
3,37.9,11.46,21.11,57.71,8,40.84,29.97,29.22,21.93,39.370000000000005,2.940000000000005,41.43,20.715,11,5,43.89,158.09813423764487,,0.4011921694158045,210.33232822032767,0.44916644708850106,frosty_ibis-results
10,16.4,28.52,72.93,91.77,7,44.08,26.32,71.92,89.07,30.24,27.68,54.84,27.42,17,3,3.710000000000008,245.5599282332004,,0.426003580334266,244.25381549907308,0.4631900995620928,ancient_dolphin-results
10,15.1,36.96,48.9,42.45,5,18.66,37.01,51.05,97.48,16.88,3.5600000000000005,73.97,36.985,15,5,57.18,353.4925808846673,,0.3729594137125818,261.4148950254643,0.45907039622645024,gentle_ibis-results
4,52.46,47.4,40.52,98.47,8,35.36,46.42,10.17,64.86,43.91,17.1,93.82,46.91,12,4,63.96,165.47915496181426,,0.4019894880539463,213.93345093007892,0.45329717577364526,keen_wizard-results
4,10.52,10.06,67.9,30.26,9,52.54,18.82,80.34,72.61,31.53,42.019999999999996,28.880000000000003,14.440000000000001,13,5,54.78999999999999,199.3390941248561,,0.40860400748072806,241.4036644137549,0.45835547444425,jolly_jellyfish-results
9,39.47,17.32,64.82,51.94,9,57.96,41.43,48.14,74.67,48.715,18.490000000000002,58.75,29.375,18,0,39.41,187.79885865135864,,0.4083478151152947,229.4501066225791,0.46519299082935595,sturdy_cobra-results
7,40.73,21.64,43.53,13.25,8,32.72,12.39,23.85,36.75,36.724999999999994,8.009999999999998,34.03,17.015,15,1,43.18,173.17687074086464,,0.4102842234794817,223.14800917570366,0.44906442601381347,fierce_dolphin-results
4,52.21,16.88,88.27,52.06,4,48.88,11.1,32.31,17.6,50.545,3.3299999999999983,27.979999999999997,13.989999999999998,8,0,90.41999999999999,163.16704649504328,,0.3975538981681492,214.2402433343283,0.4523678131189808,sneaky_wizard-results
6,25.83,49.96,64.27,84.78,7,27.93,43.96,78.09,40.59,26.88,2.1000000000000014,93.92,46.96,13,1,58.010000000000005,256.6456268427681,,0.3962163390906249,257.18221917110765,0.4623577053028657,nimble_panther-results
6,47.07,29.27,74.48,86.24,10,48.78,42.62,27.89,22.94,47.925,1.7100000000000009,71.89,35.945,16,4,109.89,175.8896148919329,,0.40382108149287144,226.7691194713505,0.45842475957347,bright_hedgehog-results
4,39.37,15.51,10.97,13.96,10,29.93,33.29,11.42,72.35,34.65,9.439999999999998,48.8,24.4,14,6,58.83999999999999,160.21408291962754,,0.3977669823997857,207.465285749754,0.45355284883501157,brave_gazelle-results
5,44.66,43.91,65.4,60.65,10,22.56,15.89,87.35,59.65,33.61,22.099999999999998,59.8,29.9,15,5,22.94999999999999,206.5568748697764,,0.4061043271084404,239.48542472807608,0.4567379351252544,dazzling_phoenix-results
5,36.91,41.14,12.94,95.12,6,31.88,17.9,88.89,72.1,34.394999999999996,5.029999999999998,59.04,29.52,11,1,98.97000000000001,192.06140099308814,,0.41201699237661543,236.96383443909448,0.454696420829816,mystic_raven-results
9,52.28,45.68,83.6,57.66,5,29.17,31.06,41.89,77.61,40.725,23.11,76.74,38.37,14,4,61.66,189.79668010502422,,0.4120001299795426,238.5112451447984,0.45280801959034955,nimble_eagle-results
4,29.48,38.14,10.5,10.25,5,54.63,12.55,83.34,79.28,42.055,25.150000000000002,50.69,25.345,9,1,141.87,175.07654818408727,,0.41065525325831753,225.55809436173809,0.45145471185682406,swift_shark-results
3,49.0,45.13,55.64,52.74,9,40.5,33.7,22.78,97.93,44.75,8.5,78.83000000000001,39.415000000000006,12,6,78.05000000000001,176.74510139152176,,0.40479347934821286,225.78794573820355,0.45006324448164686,silent_lion-results
4,10.48,22.41,26.1,98.82,5,26.62,46.34,59.95,84.04,18.55,16.14,68.75,34.375,9,1,48.62999999999999,322.9441988176653,,0.3963842042899316,258.7403179567514,0.45574841773900693,fiery_queen-results
8,30.83,12.33,71.8,12.73,3,56.63,31.17,34.25,90.79,43.730000000000004,25.800000000000004,43.5,21.75,11,5,115.61,174.5794151980814,,0.4154195129409618,227.01812066001634,0.45278854607044516,swift_eagle-results
9,40.54,46.28,51.67,87.96,3,10.92,24.05,87.56,83.67,25.73,29.619999999999997,70.33,35.165,12,6,40.17999999999999,338.1259709853461,,0.40618316617900174,257.24546347334956,0.45297450804320355,ancient_eagle-results
3,55.54,21.67,33.79,85.26,9,66.3,15.01,45.84,87.74,60.92,10.759999999999998,36.68,18.34,12,6,14.529999999999994,169.92610024636488,,0.40093039224290256,221.11022198928407,0.4577249947767403,sneaky_queen-results
8,13.44,28.18,40.61,57.86,9,55.37,31.74,50.74,88.07,34.405,41.93,59.92,29.96,17,1,40.339999999999996,229.6529881281005,,0.41447533018567556,250.42945903097748,0.4397026942379959,mellow_cheetah-results
5,52.81,40.35,13.55,81.03,6,52.0,33.1,54.07,77.05,52.405,0.8100000000000023,73.45,36.725,11,1,44.5,165.24578296536134,,0.39833798679960575,217.15015583861384,0.4508448904657711,stormy_badger-results
9,32.88,41.74,63.22,31.61,5,50.42,45.49,96.17,60.1,41.650000000000006,17.54,87.23,43.615,14,4,61.440000000000005,189.02217315276522,,0.41575547126729373,239.7393488106401,0.4509597524473059,valiant_griffin-results
3,45.68,11.92,95.81,51.01,9,69.67,19.88,46.3,37.76,57.675,23.990000000000002,31.799999999999997,15.899999999999999,12,6,62.760000000000005,170.3373132067439,,0.40462199402066545,216.46507246659618,0.45728767498616907,mystic_queen-results
3,13.83,32.41,68.62,97.81,5,31.62,32.74,67.3,87.43,22.725,17.79,65.15,32.575,8,2,11.700000000000003,315.5822539356736,,0.411270987054518,261.8480128868232,0.4476858567605694,ancient_phoenix-results
9,69.67,41.37,37.52,50.58,10,26.95,20.7,54.41,66.03,48.31,42.72,62.06999999999999,31.034999999999997,19,1,32.339999999999996,180.4114117388565,,0.3938320691355536,224.05267957362986,0.4606306825225557,gentle_jellyfish-results
8,35.26,39.29,26.44,20.17,6,55.68,48.31,84.63,82.13,45.47,20.42,87.6,43.8,14,2,120.14999999999999,176.66723508378112,,0.4143261703010992,229.9419742923564,0.4557054249552286,purple_fox-results
10,26.8,24.47,88.22,14.82,8,13.5,32.32,34.93,25.11,20.15,13.3,56.79,28.395,18,2,63.58,351.49230261681254,,0.39977144550319,264.7424911263248,0.45521301671080666,cool_tiger-results
6,27.4,17.2,11.42,97.29,9,52.83,38.36,82.71,10.22,40.114999999999995,25.43,55.56,27.78,15,3,158.36,183.02883724916362,,0.4146521467707578,231.17575291920195,0.4606770750123523,stormy_heron-results
4,14.35,11.91,58.62,95.62,6,10.7,42.88,37.33,28.44,12.524999999999999,3.6500000000000004,54.790000000000006,27.395000000000003,10,2,88.47,348.0361930334789,,0.3921443533060376,256.8173941568455,0.4585230258397376,fierce_phoenix-results
3,62.25,43.39,94.26,85.04,4,11.43,24.92,81.7,42.87,36.84,50.82,68.31,34.155,7,1,54.73000000000001,202.99355044765406,,0.3953401482191512,233.94392805633234,0.4556919066566671,ancient_whale-results
7,35.21,43.18,78.86,65.32,9,39.86,41.44,41.19,71.61,37.535,4.649999999999999,84.62,42.31,16,2,43.96000000000001,195.11997137354203,,0.41257323842645105,240.07158343732718,0.4546435191961007,gentle_bear-results
8,11.32,12.43,84.56,56.3,10,43.74,36.54,29.2,43.69,27.53,32.42,48.97,24.485,18,2,67.97,245.34541554782527,,0.412065983612674,249.7081716949857,0.4556829556476727,bright_monarch-results
10,25.94,24.93,95.61,33.45,6,38.73,46.65,85.21,55.75,32.335,12.789999999999996,71.58,35.79,16,4,32.7,241.2969326328006,,0.4071861056232029,243.7550779281887,0.4723757172399624,gentle_tiger-results
3,13.09,23.34,45.13,30.39,5,55.55,25.23,66.2,14.22,34.32,42.459999999999994,48.57,24.285,8,2,37.24,178.48394940979892,,0.41966595238508686,232.33588468708896,0.449019447940757,dazzling_badger-results
5,10.79,19.04,94.64,59.23,5,34.56,22.0,13.31,96.26,22.675,23.770000000000003,41.04,20.52,10,0,118.36000000000001,216.36556930700044,,0.423108325683898,251.1350174431039,0.44536908753186577,swift_whale-results
4,43.91,32.07,68.84,17.21,6,29.84,40.77,42.04,45.56,36.875,14.069999999999997,72.84,36.42,10,2,55.150000000000006,173.82273505064938,,0.40223420353590134,223.1492656801683,0.4562940037576329,dazzling_wolf-results
4,13.7,17.61,78.26,89.14,8,22.85,14.4,23.74,19.69,18.275,9.150000000000002,32.01,16.005,12,4,123.97000000000001,266.9303451605736,,0.4140808467131054,259.42440896940667,0.44906912630152346,sturdy_cougar-results
8,42.37,22.42,89.46,48.08,4,17.05,22.56,35.28,18.7,29.71,25.319999999999997,44.980000000000004,22.490000000000002,12,4,83.55999999999999,203.17344411777293,,0.4105535203354462,242.94632563659826,0.4582805865615937,swift_cheetah-results
7,56.68,43.1,69.39,87.85,8,35.63,27.47,71.79,73.55,46.155,21.049999999999997,70.57,35.285,15,1,16.700000000000003,182.84472151189362,,0.40610792078728003,230.38475208256688,0.45435188432479356,zealous_tiger-results
7,10.1,39.08,48.38,70.77,3,67.77,29.69,43.14,18.81,38.934999999999995,57.669999999999995,68.77,34.385,10,4,57.199999999999996,169.5534083501254,,0.4153471599895914,233.35900381484237,0.4412225122558071,elegant_monarch-results
4,48.56,24.39,88.34,30.67,3,18.59,45.14,18.48,97.58,33.575,29.970000000000002,69.53,34.765,7,1,136.76999999999998,176.76418173091957,,0.401744098579851,221.74408807092755,0.45820790322883215,sturdy_dolphin-results
9,22.04,25.18,67.27,90.51,5,52.9,48.97,73.69,98.28,37.47,30.86,74.15,37.075,14,4,14.189999999999998,201.33931060659108,,0.4221236026762494,240.84255203804884,0.4570846949692793,bold_lion-results
10,58.91,42.35,82.6,42.28,9,26.92,24.56,23.39,79.07,42.915,31.989999999999995,66.91,33.455,19,1,95.99999999999999,198.97879859981202,,0.407511833655943,237.48484244998076,0.4637726849299428,dazzling_dolphin-results
6,63.13,33.44,87.05,26.03,4,15.16,18.0,61.2,51.9,39.145,47.97,51.44,25.72,10,2,51.71999999999999,175.28034813911754,,0.40638116386808665,222.6723176171314,0.4520875958418858,stormy_peacock-results
10,66.43,27.84,91.14,86.24,3,19.28,12.56,66.73,12.58,42.855000000000004,47.150000000000006,40.4,20.2,13,7,98.07,175.74207324261073,,0.40843131258595444,233.09945070456487,0.4549310279423262,vibrant_eagle-results
8,62.16,43.93,92.65,85.58,4,55.9,11.1,15.02,91.9,59.03,6.259999999999998,55.03,27.515,12,4,83.95000000000002,169.37915793264654,,0.4086732216549967,226.70721571141905,0.4482840750014523,silent_jaguar-results
9,26.63,14.16,74.33,46.95,4,48.95,44.95,54.81,59.57,37.79,22.320000000000004,59.11,29.555,13,5,32.13999999999999,185.68694185894225,,0.4173752460062505,233.5946956715269,0.4536690915670261,brave_otter-results
7,50.71,31.2,56.19,77.65,10,35.34,18.73,70.35,25.43,43.025000000000006,15.369999999999997,49.93,24.965,17,3,66.38,178.84704223400664,,0.39258519186793944,231.90394148228762,0.4517055039686206,purple_kiwi-results
8,32.39,15.79,86.1,88.38,6,38.54,41.43,69.27,14.52,35.465,6.149999999999999,57.22,28.61,14,2,90.69,213.1123643716194,,0.41174424431718304,242.81456166360445,0.45865643832411945,nimble_ibis-results
4,15.42,10.2,37.81,74.89,8,13.59,30.83,17.88,76.48,14.504999999999999,1.83,41.03,20.515,12,4,21.520000000000007,224.9249212586732,,0.39777377581857754,238.7127067119097,0.4651282165408619,brazen_bison-results
8,30.61,31.38,85.47,73.17,10,24.6,47.79,36.93,97.09,27.605,6.009999999999998,79.17,39.585,18,2,72.46000000000001,298.70864259329824,,0.4157126111515874,250.169562876852,0.48020076228829894,serene_tiger-results
8,69.87,14.34,82.31,17.19,4,58.12,10.39,64.1,18.63,63.995000000000005,11.750000000000007,24.73,12.365,12,4,19.650000000000006,165.97956353134484,,0.3953016418277122,218.11458289026402,0.4591087334241541,ancient_badger-results
9,11.35,17.18,80.78,41.83,4,21.17,34.53,71.27,21.87,16.26,9.820000000000002,51.71,25.855,13,5,29.470000000000002,362.14592476003486,,0.39369028687881247,271.65341963343667,0.45082729375400515,fiery_jaguar-results
6,68.08,49.36,42.96,76.42,6,59.35,16.73,82.73,63.11,63.715,8.729999999999997,66.09,33.045,12,0,53.080000000000005,163.29371759004502,,0.4005977589987913,211.71274752796768,0.4586370348502816,gleaming_queen-results
5,16.69,46.65,80.6,54.09,7,69.99,40.69,93.52,54.54,43.339999999999996,53.3,87.34,43.67,12,2,13.369999999999997,179.66963561102293,,0.3973639416796392,233.26446384614172,0.4408606392821599,zealous_peacock-results
4,21.18,15.29,14.51,11.66,9,11.66,18.79,82.98,82.05,16.42,9.52,34.08,17.04,13,5,138.86,192.70804230342674,,0.40467268073941987,229.69120608666302,0.4667410725826165,fiery_monarch-results
10,29.24,26.61,96.7,68.98,8,16.86,13.78,58.58,36.01,23.049999999999997,12.379999999999999,40.39,20.195,18,2,71.09,354.4682024207916,,0.4192946976047718,268.5630799002304,0.4548567759574741,crimson_ibis-results
7,29.45,43.44,38.61,73.48,9,16.89,49.39,38.26,86.08,23.17,12.559999999999999,92.83,46.415,16,2,12.949999999999996,241.51749916694854,,0.4026631249254681,254.90560730029745,0.4519503539748284,brave_panther-results
8,55.07,32.35,23.91,37.08,3,61.72,38.51,71.96,43.05,58.394999999999996,6.649999999999999,70.86,35.43,11,5,54.019999999999996,163.9487146991276,,0.4048557611670987,218.7237075794484,0.4502084200483827,brazen_stag-results
10,10.81,37.24,41.06,46.56,9,37.98,15.41,91.95,10.99,24.395,27.169999999999995,52.650000000000006,26.325000000000003,19,1,86.46000000000001,304.82920317547695,,0.42089423427776895,266.4383133502742,0.44253402870424574,glorious_heron-results
10,18.5,36.63,79.47,97.62,5,40.33,17.12,49.68,42.81,29.415,21.83,53.75,26.875,15,5,84.6,194.2030385285396,,0.4269498148848133,237.91777713091471,0.45889040080023663,shadowy_ibis-results
5,63.21,36.53,94.39,80.21,3,20.44,13.41,81.19,33.87,41.825,42.769999999999996,49.94,24.97,8,2,59.54,171.65647730463897,,0.40361303179443364,221.22206746869668,0.45197217773215764,vivid_fox-results
9,19.51,31.37,36.47,49.93,5,39.16,26.25,92.13,97.75,29.335,19.649999999999995,57.620000000000005,28.810000000000002,14,4,103.47999999999999,251.12013305249707,,0.42345587202525575,255.36914803368583,0.454977554107856,vivid_phoenix-results
5,57.8,39.66,86.63,85.97,7,10.05,26.21,48.56,45.69,33.925,47.75,65.87,32.935,12,2,78.35,192.3687134162363,,0.4008282133929606,237.07109445929524,0.45535558956517463,ancient_hedgehog-results
7,26.77,20.75,52.37,66.08,3,58.04,10.53,56.16,24.89,42.405,31.27,31.28,15.64,10,4,44.98,169.94603940623128,,0.4077972610546266,224.52603391568834,0.4461070875537132,valiant_bear-results
